"","w","beta_par","gamma","rho","k","A1","A2","A3","A4","A5","A6","A7","A8","A9","A10","A11","A12","A13","A14","A15","A16","A17","A18","A19","A20","A21","A22","A23","A24","A25","p","R0_local","R0_total","end_day","total_incidence","total_cases"
"1",0.822613551048562,0.34174557167571,0.1,0.330586515483446,3.88290499802679,1,0,0,0,1,0,1,0,1,1,0,0,1,0,1,0,1,0,1,0,1,1,1,0,1,0.401937451795675,1.70872785837855,5.41834546546726,171,24826,7707
"2",0.651106306817383,0.432912485382985,0.1,0.652763010933995,2.24241005256772,1,0,0,0,0,0,1,0,1,0,0,0,1,0,0,0,1,0,1,0,0,0,0,0,1,0.229150098445825,2.16456242691493,5.88059916831654,128,24921,16066
"3",0.921076898928732,0.1652933326317,0.1,0.421355715370737,4.52115199901164,1,0,0,0,0,0,1,0,1,0,0,0,1,1,0,0,1,1,1,0,0,0,0,0,1,0.239393056253903,0.826466663158499,2.04985019262245,200,16980,6911
"4",0.130987523589283,0.252663322491571,0.1,0.414069779915735,1.54255914967507,1,0,0,0,1,0,1,1,0,0,0,1,1,0,1,0,0,0,1,0,1,0,1,0,1,0.280328258359805,1.26331661245786,5.85595570786666,123,24946,11243
"5",0.513724553864449,0.337726411456242,0.1,0.630707341944799,2.08065205346793,1,0,1,1,0,0,1,0,1,1,1,0,1,1,0,1,1,1,1,0,0,1,0,0,1,0.365087291877717,1.68863205728121,6.75997761070344,127,24971,13967
"6",0.897944290423766,0.361959812208079,0.1,0.669831673149019,4.0922970129177,1,1,0,0,1,1,1,1,0,0,0,1,1,0,0,0,0,0,1,0,1,0,0,0,1,0.281293654674664,1.80979906104039,5.00189542501322,151,24415,16002
"7",0.804959582397714,0.378504935768433,0.1,0.340401362511329,2.79687686730176,1,1,1,0,0,1,1,0,1,1,1,0,1,1,1,0,1,1,1,0,0,1,1,0,1,0.454577185050584,1.89252467884216,7.08559510026975,120,24972,9921
"8",0.249115662416443,0.432520901260432,0.1,0.633918702951632,2.57743215374649,1,0,1,0,0,0,1,1,0,0,1,1,1,0,0,0,0,0,1,0,0,0,0,0,1,0.375123984669335,2.16260450630216,9.10847254757986,103,24998,16650
"9",0.166734370635822,0.37881806086516,0.1,0.299022464780137,1.23951326403767,1,0,0,0,0,0,1,0,0,0,0,0,1,1,0,0,0,1,1,0,0,0,0,0,1,0.231501778634265,1.8940903043258,8.33659221818282,127,24996,5191
"10",0.856225323397666,0.262991087941918,0.1,0.29815919068642,3.29895868804306,1,1,0,0,0,1,1,0,1,1,0,0,1,1,0,0,1,1,1,1,0,1,0,1,1,0.486594659090042,1.31495543970959,4.58437962239271,136,24549,7184
"11",0.0390161108225584,0.439695538743399,0.1,0.299774803919718,3.85889935307205,1,1,1,0,0,1,1,0,0,1,1,0,1,0,1,0,0,0,1,1,0,1,1,1,1,0.390266078757122,2.19847769371699,10.8211083497105,125,25000,6230
"12",0.0417119958437979,0.244658263225574,0.1,0.482416641665623,4.83342938683927,1,0,0,1,0,0,1,0,1,0,0,0,1,1,0,1,1,1,1,0,0,0,0,0,1,0.282243712665513,1.22329131612787,5.97400439785594,136,24952,12484
"13",0.984138633823022,0.190140722808428,0.1,0.613763386150822,4.48648388963193,1,0,0,0,0,0,1,0,1,0,0,0,1,0,0,0,1,0,1,1,0,0,0,1,1,0.493242429406382,0.95070361404214,2.30375393391864,200,14821,9088
"14",0.654051427729428,0.300228087347932,0.1,0.31656719755847,2.91604532953352,1,0,0,0,1,0,1,0,0,0,0,0,1,0,0,0,0,0,1,0,1,0,0,0,1,0.45144282062538,1.50114043673966,4.06393994745138,146,24524,7685
"15",0.544160838704556,0.444070870638825,0.1,0.509513817960396,3.57096920069307,1,0,0,0,1,0,1,0,0,1,0,0,1,0,0,0,0,0,1,0,1,1,0,0,1,0.493529079877771,2.22035435319412,7.37941184986245,127,24982,12428
"16",0.205110103590414,0.286209022172261,0.1,0.424605738255195,2.42862367723137,1,0,0,0,0,0,1,0,1,1,0,0,1,0,0,0,1,0,1,1,0,1,0,1,1,0.340726063260809,1.4310451108613,6.34757748686586,133,24963,9875
"17",0.991589449113235,0.346249590220395,0.1,0.663040550774895,2.92961790785193,1,0,0,0,1,0,1,0,1,0,0,0,1,0,0,0,1,0,1,0,1,0,0,0,1,0.37822719195392,1.73124795110198,3.49209902049848,200,23429,15141
"18",0.00302460184320807,0.308634861255996,0.1,0.253987725242041,4.54048752598464,1,0,1,0,0,0,1,1,1,0,1,1,1,0,0,0,1,0,1,0,0,0,0,0,1,0.202243085158989,1.54317430627998,7.70280415041568,153,24994,6128
"19",0.2518698903732,0.383746797498316,0.1,0.350934279151261,1.20432723220438,1,0,0,0,0,0,1,1,0,0,0,1,1,0,0,0,0,0,1,0,0,0,0,0,1,0.409519013413228,1.91873398749158,7.86180060984945,107,24994,7813
"20",0.0487801020499319,0.295511876163073,0.1,0.332605007686652,1.09211162477732,1,1,0,0,0,1,1,0,0,0,0,0,1,1,0,0,0,1,1,0,0,0,0,0,1,0.316939074080437,1.47755938081536,7.15727286385999,151,24984,6727
"21",0.177215175237507,0.205092313489877,0.1,0.439118576818146,1.98537471797317,1,1,0,0,1,1,1,0,0,0,0,0,1,0,0,0,0,0,1,0,1,0,0,0,1,0.314200545591302,1.02546156744938,4.55007812397113,138,24796,11935
"22",0.354539254680276,0.181408337224275,0.1,0.749372904887423,2.48846529517323,1,1,0,0,1,1,1,1,1,1,0,1,1,1,1,0,1,1,1,1,1,1,1,1,1,0.455091156228445,0.907041686121374,4.29113290524849,139,24732,17523
"23",0.150286183925346,0.496053938020486,0.1,0.333995318622328,4.79152509849519,1,0,0,1,0,0,1,0,0,0,0,0,1,1,0,1,0,1,1,0,0,0,0,0,1,0.353635420487262,2.48026969010243,11.2158124219102,115,24999,7217
"24",0.153399283532053,0.202879149257205,0.1,0.402722799801268,3.64133077021688,1,1,1,1,1,1,1,0,1,1,1,0,1,0,1,1,1,0,1,1,1,1,1,1,1,0.482725842134096,1.01439574628603,4.95020379872364,158,24875,10655
"25",0.933698371984065,0.190907576936297,0.1,0.525252056773752,4.29184578917921,1,1,1,0,1,1,1,1,1,1,1,1,1,0,0,0,1,0,1,1,1,1,0,1,1,0.397720030508935,0.954537884681486,3.81454377090209,165,24220,12758
"26",0.993038459913805,0.425886671885382,0.1,0.581178313470446,1.39120297878981,1,1,0,1,0,1,1,1,0,1,0,1,1,0,0,1,0,0,1,0,0,1,0,0,1,0.407360311597586,2.12943335942691,6.08930089252317,130,24795,10759
"27",0.495297127403319,0.272424652567133,0.1,0.296874717576429,3.05220015719533,1,0,0,1,1,0,1,0,0,0,0,0,1,0,1,1,0,0,1,0,1,0,1,0,1,0.342817903961986,1.36212326283567,4.98308659463288,127,24843,6482
"28",0.615558706922457,0.31154007333098,0.1,0.284772379673086,3.3961445838213,1,0,0,1,1,0,1,1,1,0,0,1,1,0,0,1,1,0,1,0,1,0,0,0,1,0.23605184238404,1.5577003666549,5.53376671137673,135,24919,6348
"29",0.598244227701798,0.190213562233839,0.1,0.450662483577617,4.2758725117892,1,1,0,1,1,1,1,1,1,1,0,1,1,0,0,1,1,0,1,0,1,1,0,0,1,0.35996283495333,0.951067811169196,3.92975783998986,142,24418,11667
"30",0.533742290455848,0.296263966942206,0.1,0.672853193827905,1.92221908550709,1,1,1,0,0,1,1,0,0,1,1,0,1,0,0,0,0,0,1,1,0,1,0,1,1,0.430561905517243,1.48131983471103,5.53967366514124,125,24905,15789
"31",0.98655694280751,0.199936392367817,0.1,0.683196182828397,2.15813353098929,1,1,1,1,0,1,1,0,0,1,1,0,1,0,0,1,0,0,1,0,0,1,0,0,1,0.227933355467394,0.999681961839087,2.86975848707182,177,22458,15303
"32",0.705615633865818,0.41197154544061,0.1,0.496331362985075,2.25749007612467,1,0,0,0,0,0,1,0,1,0,0,0,1,0,0,0,1,0,1,1,0,0,0,1,1,0.364949647895992,2.05985772720305,5.95446163812135,136,24866,12519
"33",0.641314321663231,0.204633111704607,0.1,0.698817481170408,1.76015805266798,1,0,0,0,0,0,1,1,1,0,0,1,1,0,0,0,1,0,1,0,0,0,0,0,1,0.307095419033431,1.02316555852303,3.12615716509008,171,23615,17668
"34",0.167025544214994,0.194500451430213,0.1,0.326942674466409,3.58555888477713,1,1,0,0,1,1,1,0,0,0,0,0,1,1,1,0,0,1,1,1,1,0,1,1,1,0.304533220990561,0.972502257151063,4.54005870778011,130,24796,8788
"35",0.948710904456675,0.206183397618588,0.1,0.507166210561991,2.91883875802159,1,0,1,1,0,0,1,0,0,0,1,0,1,1,0,1,0,1,1,0,0,0,0,0,1,0.255375294131227,1.03091698809294,3.10106637502869,200,20029,10313
"36",0.159008422633633,0.279136672255117,0.1,0.391708934446797,2.65083272755146,1,1,0,1,0,1,1,1,0,0,0,1,1,0,0,1,0,0,1,1,0,0,0,1,1,0.209174235048704,1.39568336127559,6.4476778015838,134,24974,8441
"37",0.833309089997783,0.270969497377519,0.1,0.640607861801982,1.23981925100088,1,0,0,0,1,0,1,1,0,0,0,1,1,0,0,0,0,0,1,0,1,0,0,0,1,0.423912051669322,1.35484748688759,3.26801444182231,170,23772,15655
"38",0.351033295271918,0.473988012992777,0.1,0.707542979391292,4.49728452600539,1,0,0,0,0,0,1,0,0,0,0,0,1,0,0,0,0,0,1,0,0,0,0,0,1,0.358277558535337,2.36994006496388,8.52198884241456,113,24993,18461
"39",0.426851191092283,0.463041285634972,0.1,0.643281748285517,2.44275495130569,1,0,1,0,0,0,1,0,0,0,1,0,1,0,0,0,0,0,1,0,0,0,0,0,1,0.233707659877837,2.31520642817486,8.05454595175554,132,24993,16095
"40",0.487682109465823,0.153668719052803,0.1,0.343361909384839,4.74921903852373,1,0,0,0,0,0,1,0,0,1,0,0,1,1,1,0,0,1,1,1,0,1,1,1,1,0.220506774261594,0.768343595264014,3.00000730622297,183,23570,7638
"41",0.0993208691943437,0.43829752485035,0.1,0.584918856620789,4.19133750442415,1,1,1,0,0,1,1,1,1,0,1,1,1,1,1,0,1,1,1,1,0,0,1,1,1,0.431985922763124,2.19148762425175,10.6987139945241,151,25000,15584
"42",0.578915770165622,0.162265734444372,0.1,0.31786405085586,4.90442587062716,1,0,1,1,1,0,1,0,0,1,1,0,1,0,1,1,0,0,1,1,1,1,1,1,1,0.357132750516757,0.811328672221862,3.37244130538806,147,24065,7391
"43",0.57224693428725,0.300745272310451,0.1,0.551763507071882,2.83483122754842,1,1,1,0,1,1,1,0,0,0,1,0,1,1,0,0,0,1,1,0,1,0,0,0,1,0.430698750005104,1.50372636155225,5.54164531638289,134,24903,14702
"44",0.0288539980538189,0.367907591094263,0.1,0.421020517242141,3.17094569746405,1,0,0,1,0,0,1,1,0,0,0,1,1,0,0,1,0,0,1,0,0,0,0,0,1,0.345143545768224,1.83953795547131,9.0278903836374,127,24996,10001
"45",0.980379058048129,0.489111633610446,0.1,0.530802463763393,4.53860593028367,1,1,0,1,1,1,1,0,1,0,0,0,1,0,0,1,1,0,1,1,1,0,0,1,1,0.351451536500827,2.44555816805223,8.72965603481171,151,24663,14616
"46",0.580453437985852,0.31127782468684,0.1,0.286520968540572,4.16118638496846,1,0,1,1,0,0,1,0,1,1,1,0,1,1,1,1,1,1,1,0,0,1,1,0,1,0.448707166220993,1.5563891234342,6.36891611511428,160,24963,7867
"47",0.820171901024878,0.28746677528834,0.1,0.327585298917256,2.08922237064689,1,0,1,0,0,0,1,0,0,1,1,0,1,1,1,0,0,1,1,0,0,1,1,0,1,0.314486548560671,1.4373338764417,4.56455565502325,139,24600,7675
"48",0.915978790260851,0.332481121493038,0.1,0.296047103358433,4.48135206941515,1,1,0,0,0,1,1,0,1,0,0,0,1,0,0,0,1,0,1,1,0,0,0,1,1,0.368081036955118,1.66240560746519,4.54577001158784,180,24166,7858
"49",0.168107043486089,0.151578302751295,0.1,0.683016445487738,2.00973634701222,1,0,1,0,0,0,1,1,1,0,1,1,1,1,0,0,1,1,1,1,0,0,0,1,1,0.488777712010778,0.757891513756476,3.53838335493947,153,24301,14621
"50",0.0923227581661195,0.339261426904704,0.1,0.268967648036778,3.06336559727788,1,1,1,0,0,1,1,1,0,0,1,1,1,0,1,0,0,0,1,1,0,0,1,1,1,0.412743689492345,1.69630713452352,8.16954476801099,123,24996,7251
"51",0.566003868589178,0.383152994140983,0.1,0.464268870884553,2.40051881410182,1,0,0,0,0,0,1,1,0,0,0,1,1,1,0,0,0,1,1,0,0,0,0,0,1,0.384809637069702,1.91576497070491,6.24854013872773,138,24942,12217
"52",0.163011564174667,0.426012203865685,0.1,0.708070879103616,4.31132098287344,1,1,0,0,0,1,1,1,0,1,0,1,1,0,1,0,0,0,1,0,0,1,1,0,1,0.297528461855836,2.13006101932842,9.83028054695694,110,24999,17244
"53",0.933189597446471,0.299230524257291,0.1,0.519118272699416,1.91760897357017,1,1,0,0,0,1,1,1,1,0,0,1,1,1,0,0,1,1,1,0,0,0,0,0,1,0.378787023318,1.49615262128646,4.81559157572996,168,23894,12518
"54",0.748955769464374,0.448456512577832,0.1,0.566154928761534,4.90466527454555,1,0,1,0,0,0,1,1,0,0,1,1,1,0,0,0,0,0,1,0,0,0,0,0,1,0.472843114985153,2.24228256288916,6.25103127468857,150,24885,13732
"55",0.677875108784065,0.475479744561016,0.1,0.503457102691755,3.31964629329741,1,0,0,1,0,0,1,1,0,1,0,1,1,1,0,1,0,1,1,0,0,1,0,0,1,0.314663465949707,2.37739872280508,8.11137387069285,120,24994,12700
"56",0.892896597040817,0.419232845213264,0.1,0.277804078534245,1.19549430906773,1,1,0,0,0,1,1,0,1,0,0,0,1,0,0,0,1,0,1,0,0,0,0,0,1,0.241214492917061,2.09616422606632,5.27505090982383,138,24433,6933
"57",0.881619122810662,0.190318021853454,0.1,0.465406164294109,4.15201990585774,1,1,0,0,1,1,1,0,0,1,0,0,1,0,0,0,0,0,1,1,1,1,0,1,1,0.412209981167689,0.951590109267272,3.11002436607701,175,22260,9975
"58",0.860670037567616,0.212480090616737,0.1,0.65996483201161,2.57453195657581,1,0,0,0,0,0,1,0,1,0,0,0,1,1,0,0,1,1,1,1,0,0,0,1,1,0.315972192841582,1.06240045308368,3.09750790975222,164,22599,15593
"59",0.914861107710749,0.293171831930522,0.1,0.568109592772089,3.73531114403158,1,1,1,0,1,1,1,1,0,0,1,1,1,0,0,0,0,0,1,0,1,0,0,0,1,0.33137130883988,1.46585915965261,4.74221045427822,158,23969,12617
"60",0.796848477562889,0.270134162763134,0.1,0.637415872653946,3.62316216062754,1,0,0,0,0,0,1,1,0,0,0,1,1,1,1,0,0,1,1,1,0,0,1,1,1,0.246886499761604,1.35067081381567,4.55251882805819,149,24341,14599
"61",0.579288955545053,0.384202551818453,0.1,0.552720744512044,3.32868024799973,1,0,0,0,0,0,1,0,0,1,0,0,1,1,1,0,0,1,1,0,0,1,1,0,1,0.283356261742301,1.92101275909226,6.62167602127903,138,24959,13970
"62",0.295790495118126,0.222122330171987,0.1,0.523913823766634,2.60131648555398,1,0,1,0,1,0,1,1,0,1,1,1,1,1,1,0,0,1,1,1,1,1,1,1,1,0.434959366801195,1.11061165085994,5.17789007991999,138,24860,12508
"63",0.962805116549134,0.389769690786488,0.1,0.560850171023048,2.23157752398401,1,0,1,0,0,0,1,0,0,0,1,0,1,0,0,0,0,0,1,1,0,0,0,1,1,0.296148926881142,1.94884845393244,4.05266151775725,172,24154,14335
"64",0.209167048567906,0.258141260163393,0.1,0.569916361593641,2.59754132758826,1,1,1,0,0,1,1,0,0,0,1,0,1,0,0,0,0,0,1,0,0,0,0,0,1,0.218664415320382,1.29070630081696,5.59742194920356,127,24939,15789
"65",0.84732545283623,0.173319840501063,0.1,0.716272949473932,1.97347675263882,1,0,1,0,0,0,1,0,1,0,1,0,1,0,0,0,1,0,1,0,0,0,0,0,1,0.382496448187158,0.866599202505313,2.05665243867609,200,20138,13671
"66",0.789106914075091,0.15171675728634,0.1,0.547777464729734,1.70512205455452,1,0,1,1,0,0,1,0,1,1,1,0,1,0,0,1,1,0,1,0,0,1,0,0,1,0.331159359565936,0.7585837864317,2.40185961499274,200,22169,12713
"67",0.684655075427145,0.403546616132371,0.1,0.646842450951226,2.50844062399119,1,0,0,0,1,0,1,0,1,1,0,0,1,1,1,0,1,1,1,0,1,1,1,0,1,0.490236929617822,2.01773308066186,7.43059302667382,117,24987,17604
"68",0.111121839378029,0.283014679374173,0.1,0.522222284344025,1.89002457261086,1,1,0,0,0,1,1,0,1,1,0,0,1,1,0,0,1,1,1,0,0,1,0,0,1,0.372435636050068,1.41507339687087,6.70034817367199,119,24982,12296
"69",0.494108367012814,0.204060776345432,0.1,0.2845744661754,1.70574165415019,1,0,0,0,0,0,1,0,1,0,0,0,1,1,0,0,1,1,1,0,0,0,0,0,1,0.239345493912697,1.02030388172716,3.53851237411573,156,24268,6183
"70",0.494089017156512,0.351435312337708,0.1,0.586386313312687,1.70717173907906,1,1,1,0,0,1,1,0,0,1,1,0,1,1,0,0,0,1,1,1,0,1,0,1,1,0.489821949484758,1.75717656168854,7.0494795277724,124,24989,14305
"71",0.298861203948036,0.259991775429808,0.1,0.449142429511994,2.74858778901398,1,0,1,1,1,0,1,0,1,1,1,0,1,0,0,1,1,0,1,0,1,1,0,0,1,0.333698159805499,1.29995887714904,5.73333890339176,138,24928,11281
"72",0.10378042072989,0.216860532062128,0.1,0.332531901309267,4.06951563619077,1,1,1,1,1,1,1,1,1,0,1,1,1,0,0,1,1,0,1,1,1,0,0,1,1,0.452113544917665,1.08430266031064,5.28781265499821,131,24893,8179
"73",0.400254544103518,0.361478796578012,0.1,0.742444763076492,4.45607463549823,1,1,1,0,1,1,1,1,0,0,1,1,1,1,1,0,0,1,1,1,1,0,1,1,1,0.458430047682486,1.80739398289006,8.2039140474405,124,24992,20284
"74",0.751455259509385,0.392641105887014,0.1,0.305552992969751,2.60058619081974,1,0,0,1,0,0,1,1,0,0,0,1,1,1,1,1,0,1,1,0,0,0,1,0,1,0.302811789303087,1.96320552943507,6.50090441556616,131,24958,8249
"75",0.673682341817766,0.34507293284405,0.1,0.635610444820486,2.10313625540584,1,0,0,0,1,0,1,1,1,0,0,1,1,1,1,0,1,1,1,1,1,0,1,1,1,0.403871444915421,1.72536466422025,6.91491672180856,114,24957,16645
"76",0.34932520147413,0.234803659655154,0.1,0.678335987846367,2.71122462395579,1,1,0,0,1,1,1,0,0,0,0,0,1,0,0,0,0,0,1,1,1,0,0,1,1,0.46107045118697,1.17401829827577,4.74400521198925,133,24808,16633
"77",0.348105331417173,0.386582100309897,0.1,0.54413568333257,3.1730574099347,1,0,1,1,0,0,1,1,0,0,1,1,1,1,1,1,0,1,1,0,0,0,1,0,1,0.448840348795056,1.93291050154949,8.38212313945549,120,24994,13621
"78",0.0469825034961104,0.495717164233793,0.1,0.34710128523875,2.20280817709863,1,0,0,1,0,0,1,0,1,1,0,0,1,0,1,1,1,0,1,0,0,1,1,0,1,0.392807516711764,2.47858582116896,12.1137192931866,115,25000,8737
"79",0.141164966858923,0.196491932857316,0.1,0.302571405074559,3.08979069814086,1,0,0,0,1,0,1,0,0,1,0,0,1,0,1,0,0,0,1,0,1,1,1,0,1,0.442498389701359,0.98245966428658,4.52812095441014,121,24799,7967
"80",0.457337652565911,0.392895679001231,0.1,0.421731082024053,3.56476801540703,1,0,0,0,0,0,1,0,1,0,0,0,1,0,0,0,1,0,1,0,0,0,0,0,1,0.457835254492238,1.96447839500615,6.62538540061751,137,24975,10194
"81",0.708349570631981,0.262293797801249,0.1,0.701228879392147,4.95786004513502,1,1,1,1,0,1,1,0,1,0,1,0,1,0,1,1,1,0,1,1,0,0,1,1,1,0.476418971642852,1.31146898900624,5.11464591895568,126,24841,16343
"82",0.248308630194515,0.405110255687032,0.1,0.264787900377996,4.19066061917692,1,0,0,0,0,0,1,0,1,1,0,0,1,1,1,0,1,1,1,0,0,1,1,0,1,0.439192749885842,2.02555127843516,8.94030528876691,123,25000,6200
"83",0.914479191182181,0.389655874646269,0.1,0.685196117847227,1.42816727794707,1,1,1,1,1,1,1,1,0,0,1,1,1,1,0,1,0,1,1,1,1,0,0,1,1,0.470316378888674,1.94827937323134,7.82066314096387,159,24981,18498
"84",0.916393005987629,0.308966568275355,0.1,0.588943637558259,3.78531170077622,1,0,0,1,0,0,1,1,0,0,0,1,1,1,1,1,0,1,1,1,0,0,1,1,1,0.447357829846442,1.54483284137677,5.2609647131551,122,24686,15177
"85",0.0311962871346623,0.178064417059068,0.1,0.314083028584719,2.63667052891105,1,0,0,0,0,0,1,0,0,1,0,0,1,0,0,0,0,0,1,1,0,1,0,1,1,0.296936390129849,0.890322085295338,4.36283112229384,130,24719,7462
"86",0.838741010054946,0.281965630198829,0.1,0.447041218983941,4.97818399965763,1,0,0,1,1,0,1,1,1,1,0,1,1,0,0,1,1,0,1,0,1,1,0,0,1,0.369961933232844,1.40982815099414,4.80483265868934,138,24749,11069
"87",0.96891466807574,0.26422472493723,0.1,0.367517540347762,4.78557600826025,1,0,0,1,0,0,1,0,0,0,0,0,1,1,1,1,0,1,1,1,0,0,1,1,1,0.497728968388401,1.32112362468615,4.21492968442688,183,22817,8196
"88",0.758763391058892,0.258955287397839,0.1,0.297870685695671,2.98865318484604,1,0,0,1,0,0,1,0,1,1,0,0,1,1,0,1,1,1,1,0,0,1,0,0,1,0.380709011806175,1.2947764369892,4.26850989299113,140,24544,6647
"89",0.242650903994218,0.451337504875846,0.1,0.575202291132882,3.84689751081169,1,1,1,0,0,1,1,1,0,0,1,1,1,1,0,0,0,1,1,0,0,0,0,0,1,0.483572428673506,2.25668752437923,10.0025966779075,143,24999,15016
"90",0.366313595324755,0.453193770290818,0.1,0.374117647181265,3.36496462672949,1,0,0,0,1,0,1,0,0,0,0,0,1,0,0,0,0,0,1,0,1,0,0,0,1,0.218186419201084,2.26596885145409,8.36514372802651,118,24995,9469
"91",0.372183322208002,0.204714144777972,0.1,0.504551561432891,1.59656076692045,1,1,0,0,0,1,1,0,1,0,0,0,1,1,0,0,1,1,1,1,0,0,0,1,1,0.468920106231235,1.02357072388986,4.22589624850024,130,24655,14812
"92",0.201175635913387,0.483234117901884,0.1,0.519099645549431,3.87426364514977,1,0,0,0,0,0,1,0,1,1,0,0,1,0,0,0,1,0,1,1,0,1,0,1,1,0.4558641980635,2.41617058950942,10.7428293459001,109,25000,12260
"93",0.562422502785921,0.443097706034314,0.1,0.679199951817282,1.98209972027689,1,0,1,0,0,0,1,0,0,0,1,0,1,0,0,0,0,0,1,1,0,0,0,1,1,0.267453212663531,2.21548853017157,7.13416704465493,127,24984,16818
"94",0.941064404090866,0.176286567235366,0.1,0.616041326080449,4.55215285904706,1,0,1,1,0,0,1,0,0,1,1,0,1,0,1,1,0,0,1,1,0,1,1,1,1,0.31297950213775,0.881432836176828,2.84983207435035,170,23013,13624
"95",0.839962303871289,0.402420569304377,0.1,0.469286968698725,1.34589198883623,1,0,0,0,0,0,1,1,1,0,0,1,1,0,1,0,1,0,1,0,0,0,1,0,1,0.35588120915927,2.01210284652188,5.76871973790428,149,24758,12647
"96",0.192047488642856,0.494707633578218,0.1,0.587547142058611,2.39083553198725,1,0,0,0,0,0,1,0,0,0,0,0,1,1,1,0,0,1,1,0,0,0,1,0,1,0.296036545257084,2.47353816789109,10.8599457654282,135,24998,13090
"97",0.755312173627317,0.260984208516311,0.1,0.359268122818321,2.41021064948291,1,0,1,0,0,0,1,1,0,1,1,1,1,1,1,0,0,1,1,1,0,1,1,1,1,0.457798309577629,1.30492104258155,5.14276333108603,130,24747,10260
"98",0.648215416586027,0.306798034231178,0.1,0.498746229917742,3.74355163238943,1,0,0,0,0,0,1,1,0,1,0,1,1,1,1,0,0,1,1,1,0,1,1,1,1,0.373670810414478,1.53399017115589,5.94145698953092,144,24852,11448
"99",0.00969019252806902,0.444191307411529,0.1,0.502492597908713,1.18298665806651,1,0,0,1,0,0,1,0,1,1,0,0,1,1,0,1,1,1,1,1,0,1,0,1,1,0.435388777009211,2.22095653705765,11.0617899058267,116,25000,11162
"100",0.392418225063011,0.381367588089779,0.1,0.65661215223372,3.16609137598425,1,1,1,1,1,1,1,0,0,1,1,0,1,0,0,1,0,0,1,0,1,1,0,0,1,0.44155363633763,1.90683794044889,8.1182010054792,115,24997,15099
"101",0.348608230240643,0.309986243385356,0.1,0.277530564111657,3.80139509681612,1,0,0,0,0,0,1,0,1,1,0,0,1,1,0,0,1,1,1,0,0,1,0,0,1,0.484341494552791,1.54993121692678,6.26597279859178,123,24960,7614
"102",0.462766355834901,0.214489185612183,0.1,0.651220396044664,1.80443946365267,1,0,1,0,0,0,1,1,0,1,1,1,1,0,1,0,0,0,1,1,0,1,1,1,1,0.376519928476773,1.07244592806092,4.41721264034191,179,24711,16711
"103",0.950593909015879,0.461604070710018,0.1,0.6337633759249,4.49967456050217,1,0,0,0,1,0,1,1,0,0,0,1,1,0,1,0,0,0,1,0,1,0,1,0,1,0.388017525663599,2.30802035355009,6.190742015232,148,24620,14805
"104",0.0380501057952642,0.470791769097559,0.1,0.637606253381819,4.41484112106264,1,1,1,0,1,1,1,1,0,0,1,1,1,0,1,0,0,0,1,0,1,0,1,0,1,0.272473362460732,2.3539588454878,11.5914966470435,110,24999,16763
"105",0.724148765671998,0.245965472084936,0.1,0.330261703347787,1.36926699057221,1,0,0,0,1,0,1,0,0,0,0,0,1,0,0,0,0,0,1,0,1,0,0,0,1,0.265092800557613,1.22982736042468,3.05950840359091,159,23579,7160
"106",0.276788252871484,0.387766499794088,0.1,0.634134605177678,3.10899796336889,1,1,1,0,0,1,1,1,0,1,1,1,1,1,0,0,0,1,1,1,0,1,0,1,1,0.44907072156202,1.93883249897044,8.84349098514875,124,24996,15433
"107",0.946375511586666,0.443124926136807,0.1,0.747553163557313,4.44781890045851,1,1,0,0,0,1,1,0,1,1,0,0,1,0,0,0,1,0,1,0,0,1,0,0,1,0.461785810929723,2.21562463068403,6.1872228875091,134,24570,17407
"108",0.569532402791083,0.182648869475815,0.1,0.43940400891006,3.16614335216582,1,1,1,1,1,1,1,1,1,0,1,1,1,0,1,1,1,0,1,0,1,0,1,0,1,0.478882906399667,0.913244347379077,3.9791095870946,153,24514,10387
"109",0.949130453635007,0.417347240040544,0.1,0.686220784904435,4.10701956599951,1,1,0,0,1,1,1,0,0,0,0,0,1,0,0,0,0,0,1,0,1,0,0,0,1,0.293902717716992,2.08673620020272,5.11393310671836,168,24042,16391
"110",0.345934885088354,0.424076953565236,0.1,0.516535284579732,4.30526811163872,1,0,0,0,1,0,1,1,0,0,0,1,1,0,0,0,0,0,1,1,1,0,0,1,1,0.364966287021525,2.12038476782618,8.55851863353111,116,24999,12362
"111",0.161278631072491,0.166118338867091,0.1,0.452651295578107,4.67416100762784,1,1,0,0,0,1,1,0,0,1,0,0,1,0,0,0,0,0,1,0,0,1,0,0,1,0.301935759093612,0.830591694335453,3.72713148345647,129,24439,10800
"112",0.863429712597281,0.275725309713744,0.1,0.6199714706745,3.1260505951941,1,0,0,0,0,0,1,0,1,0,0,0,1,1,0,0,1,1,1,1,0,0,0,1,1,0.261580233066343,1.37862654856872,4.01339409812661,146,23853,15253
"113",0.784230923047289,0.4817409229232,0.1,0.337978564552031,3.15895224083215,1,1,0,1,0,1,1,1,0,1,0,1,1,0,0,1,0,0,1,0,0,1,0,0,1,0.297249478590675,2.408704614616,7.81878833033937,113,24974,8605
"114",0.697931720176712,0.481309897452593,0.1,0.67252270586323,1.52381167281419,1,0,0,0,0,0,1,0,0,1,0,0,1,0,0,0,0,0,1,0,0,1,0,0,1,0.384212351450697,2.40654948726296,6.18001443303348,121,24931,15976
"115",0.273712324211374,0.294685864658095,0.1,0.725605675252154,3.85052100941539,1,1,0,0,1,1,1,0,1,1,0,0,1,0,1,0,1,0,1,0,1,1,1,0,1,0.498339172266424,1.47342932329047,6.58098861191885,118,24978,18366
"116",0.880042884498835,0.447841798618901,0.1,0.460775140672922,1.58683192543685,1,0,0,1,0,0,1,0,0,0,0,0,1,0,1,1,0,0,1,0,0,0,1,0,1,0.395965951867402,2.23920899309451,5.11595878445904,148,24769,12310
"117",0.0235860862303525,0.255070254637394,0.1,0.482489960151725,3.91274312976748,1,1,1,0,1,1,1,0,0,0,1,0,1,1,0,0,0,1,1,0,1,0,0,0,1,0.426449785381556,1.27535127318697,6.30465497642753,143,24973,12154
"118",0.608581497333944,0.16108588303905,0.1,0.427322879433632,2.26176369469613,1,1,1,0,1,1,1,0,0,1,1,0,1,0,1,0,0,0,1,0,1,1,1,0,1,0.373813849757425,0.805429415195249,3.16289498153862,151,23675,10486
"119",0.890522815752774,0.200510336027946,0.1,0.708612811169587,1.43435293063521,1,0,1,0,0,0,1,0,0,1,1,0,1,1,0,0,0,1,1,1,0,1,0,1,1,0.271009018830955,1.00255168013973,2.95830505258375,164,23445,16654
"120",0.994054001756012,0.295510833652224,0.1,0.399344103527255,3.20693503599614,1,1,0,0,0,1,1,0,0,0,0,0,1,1,0,0,0,1,1,1,0,0,0,1,1,0.387593796779402,1.47755416826112,3.57225791181395,177,24003,9028
"121",0.134251379640773,0.387528450635727,0.1,0.713474132004194,2.94195203576237,1,0,0,0,1,0,1,0,0,0,0,0,1,0,0,0,0,0,1,0,1,0,0,0,1,0.210160160600208,1.93764225317864,8.75368701716013,120,24996,15247
"122",0.673147618304938,0.188266214472242,0.1,0.563773719593883,2.11071938835084,1,0,1,0,0,0,1,1,0,0,1,1,1,0,0,0,0,0,1,1,0,0,0,1,1,0.491993778129108,0.941331072361208,2.95793727124095,153,23550,13317
"123",0.997482424136251,0.183222229906823,0.1,0.349797164439224,3.02363165002316,1,0,0,0,0,0,1,0,0,1,0,0,1,0,0,0,0,0,1,0,0,1,0,0,1,0.226074684783816,0.916111149534117,1.83225731293959,200,8312,3178
"124",0.935152645222843,0.298691798525397,0.1,0.548778177355416,1.89957057777792,1,0,0,0,0,0,1,0,0,0,0,0,1,0,0,0,0,0,1,0,0,0,0,0,1,0.238574504456483,1.49345899262698,1.88084645318706,200,19739,10921
"125",0.14045152370818,0.445062934816815,0.1,0.661855113576166,2.74118618760258,1,1,1,0,1,1,1,0,0,0,1,0,1,0,0,0,0,0,1,0,1,0,0,0,1,0.363795151584782,2.22531467408407,10.2607402735722,105,24998,16058
"126",0.0741277115885168,0.259051139070652,0.1,0.382109813741408,1.63843419589102,1,1,1,0,0,1,1,1,0,1,1,1,1,1,0,0,0,1,1,0,0,1,0,0,1,0.319129575230181,1.29525569535326,6.28543230100221,134,24963,9503
"127",0.343554774764925,0.288579642539844,0.1,0.598800676409155,3.24540702719241,1,0,1,0,1,0,1,1,0,1,1,1,1,0,1,0,0,0,1,0,1,1,1,0,1,0.488548870617524,1.44289821269922,6.27570779298634,166,24971,15295
"128",0.67712710541673,0.348369314253796,0.1,0.740042018936947,3.48233885783702,1,0,0,0,0,0,1,0,1,0,0,0,1,0,1,0,1,0,1,1,0,0,1,1,1,0.446408277424052,1.74184657126898,5.59594003223237,184,24866,19874
"129",0.20194246340543,0.293712645780761,0.1,0.270314454915933,2.96878124866635,1,0,0,1,1,0,1,0,1,1,0,0,1,0,1,1,1,0,1,0,1,1,1,0,1,0.202004140848294,1.4685632289038,6.75489967064477,115,24981,7098
"130",0.926258386811242,0.155815698066726,0.1,0.411954266950488,2.13705522287637,1,1,1,0,0,1,1,1,1,0,1,1,1,1,1,0,1,1,1,1,0,0,1,1,1,0.461662038508803,0.779078490333632,3.11876106030558,169,23668,9153
"131",0.619824285851792,0.185877297073603,0.1,0.534058641525917,3.12445548828691,1,0,0,0,0,0,1,0,1,0,0,0,1,0,1,0,1,0,1,0,0,0,1,0,1,0.238718065572903,0.929386485368013,2.82839608903285,195,23325,12396
"132",0.493119861464947,0.390332065534312,0.1,0.626713378471322,4.0767947845161,1,1,0,0,0,1,1,0,1,1,0,0,1,0,0,0,1,0,1,0,0,1,0,0,1,0.45642809709534,1.95166032767156,7.19942288802137,104,24974,14674
"133",0.0214836811646819,0.351858043111861,0.1,0.566404447541572,2.35821934044361,1,0,1,1,1,0,1,0,1,0,1,0,1,1,0,1,1,1,1,0,1,0,0,0,1,0.410260383109562,1.7592902155593,8.72099034718249,112,24998,13763
"134",0.522516567260027,0.350088225584477,0.1,0.406970058917068,1.05721589270979,1,0,0,0,1,0,1,0,0,1,0,0,1,0,1,0,0,0,1,1,1,1,1,1,1,0.338245991733856,1.75044112792239,6.7227482981288,118,24963,10928
"135",0.996033675735816,0.175733712804504,0.1,0.446092593134381,4.94427825603634,1,1,1,1,0,1,1,1,0,0,1,1,1,0,0,1,0,0,1,0,0,0,0,0,1,0.496658318769187,0.878668564022519,2.78753798894776,200,18505,8854
"136",0.338347907876596,0.35030249558622,0.1,0.510444786166772,4.01237067300826,1,0,1,0,1,0,1,0,1,1,1,0,1,0,0,0,1,0,1,0,1,1,0,0,1,0.495137427258305,1.7515124779311,7.3475115595255,124,24995,13466
"137",0.117041787598282,0.282035964517854,0.1,0.600707117700949,1.47577710822225,1,1,0,0,0,1,1,0,0,0,0,0,1,1,1,0,0,1,1,0,0,0,1,0,1,0.290998306265101,1.41017982258927,6.58942621977848,121,24967,14676
"138",0.757219366496429,0.256087527156342,0.1,0.706949551589787,1.34023098647594,1,1,1,1,1,1,1,1,1,0,1,1,1,0,1,1,1,0,1,0,1,0,1,0,1,0.436777090909891,1.28043763578171,5.33379692979658,122,24873,19703
"139",0.396975019248202,0.466543482220732,0.1,0.664174083969556,4.86191713623703,1,0,0,0,0,0,1,0,0,0,0,0,1,1,0,0,0,1,1,0,0,0,0,0,1,0.2011516881641,2.33271741110366,8.35979908589541,117,24994,15367
"140",0.101707521127537,0.335511830996256,0.1,0.624677130370401,3.13232539594173,1,1,1,0,0,1,1,0,0,0,1,0,1,1,1,0,0,1,1,0,0,0,1,0,1,0.43716658866033,1.67755915498128,7.98064925204375,136,24999,16674
"141",0.593473022338003,0.27215234413743,0.1,0.317414138116874,4.37388197239488,1,0,1,1,0,0,1,0,0,0,1,0,1,0,0,1,0,0,1,0,0,0,0,0,1,0.245725594856776,1.36076172068715,4.33406426707351,158,24633,7782
"142",0.529881728580222,0.219272689230274,0.1,0.40345626801718,3.43729941733181,1,1,0,0,0,1,1,0,0,0,0,0,1,1,1,0,0,1,1,0,0,0,1,0,1,0.432298887590878,1.09636344615137,3.87036483283921,136,24498,9367
"143",0.623768753372133,0.307621600362472,0.1,0.523213965119794,4.87584752961993,1,0,0,0,0,0,1,1,0,0,0,1,1,0,1,0,0,0,1,0,0,0,1,0,1,0.331720658321865,1.53810800181236,4.77169294518875,134,24734,14019
"144",0.605098781175911,0.187486954766791,0.1,0.576299590407871,4.96556491218507,1,1,0,1,0,1,1,0,0,0,0,0,1,0,0,1,0,0,1,0,0,0,0,0,1,0.243287619343027,0.937434773833956,2.95578000715887,158,23328,12578
"145",0.565176876029,0.209365483967122,0.1,0.429972479236312,3.19666628073901,1,0,1,1,0,0,1,1,0,0,1,1,1,0,0,1,0,0,1,0,0,0,0,0,1,0.408668649219908,1.04682741983561,3.64496240953471,161,24370,10243
"146",0.133840067544952,0.324621697643306,0.1,0.459185014944524,3.22310993820429,1,0,0,1,0,0,1,1,0,0,0,1,1,0,0,1,0,0,1,0,0,0,0,0,1,0.207622798345983,1.62310848821653,7.42143865839358,142,24991,12287
"147",0.348552024457604,0.251719453884289,0.1,0.498230251832865,4.6304230093956,1,1,1,0,0,1,1,0,0,0,1,0,1,0,1,0,0,0,1,1,0,0,1,1,1,0.292619159654714,1.25859726942144,5.24954894498215,141,24904,11156
"148",0.138286868808791,0.38901695786044,0.1,0.476946821319871,1.13429521210492,1,1,0,1,0,1,1,1,0,1,0,1,1,0,0,1,0,0,1,1,0,1,0,1,1,0.428260965179652,1.9450847893022,9.19061504803643,104,24998,10828
"149",0.756462012184784,0.387448285112623,0.1,0.338568472652696,1.05585783254355,1,0,1,0,1,0,1,0,0,0,1,0,1,0,1,0,0,0,1,0,1,0,1,0,1,0.318513419991359,1.93724142556312,6.16709994908399,131,24810,8203
"150",0.264175886055455,0.175952319905628,0.1,0.599205024307594,1.32394519541413,1,0,1,1,1,0,1,1,0,0,1,1,1,0,0,1,0,0,1,1,1,0,0,1,1,0.471101868269034,0.879761599528137,3.9398263025786,135,24610,14714
"151",0.482949251541868,0.372969923133496,0.1,0.613820907892659,3.0190064413473,1,1,1,1,0,1,1,0,0,1,1,0,1,0,1,1,0,0,1,1,0,1,1,1,1,0.383815814787522,1.86484961566748,7.90448360464139,157,24990,14997
"152",0.310033474816009,0.401660503761377,0.1,0.369010269874707,2.49327979236841,1,0,0,0,0,0,1,0,1,0,0,0,1,1,1,0,1,1,1,0,0,0,1,0,1,0.244490953092463,2.00830251880689,8.32684662891955,147,24998,9561
"153",0.0771867851726711,0.208657281892374,0.1,0.676059509045444,4.48692143708467,1,0,0,0,0,0,1,0,0,0,0,0,1,0,0,0,0,0,1,0,0,0,0,0,1,0.235087883775122,1.04328640946187,4.89432035146655,134,24844,14773
"154",0.6960663003847,0.280821467330679,0.1,0.441573037649505,1.26834715902805,1,1,0,1,1,1,1,1,0,0,0,1,1,1,0,1,0,1,1,1,1,0,0,1,1,0.457562863803469,1.4041073366534,5.5015970973676,123,24913,10103
"155",0.823325343430042,0.326619759853929,0.1,0.559902837965637,4.88818827737123,1,1,1,0,0,1,1,0,0,1,1,0,1,0,1,0,0,0,1,0,0,1,1,0,1,0.3149595385883,1.63309879926965,5.27915290594478,137,24663,13105
"156",0.194307074416429,0.262140731571708,0.1,0.330897773383185,1.51862893532962,1,0,0,0,0,0,1,0,0,1,0,0,1,1,1,0,0,1,1,0,0,1,1,0,1,0.369648795668036,1.31070365785854,5.84698187246495,143,24948,7516
"157",0.856365689076483,0.441175808315165,0.1,0.475874359253794,3.94076910428703,1,1,0,1,0,1,1,1,1,1,0,1,1,1,0,1,1,1,1,1,0,1,0,1,1,0.490103856287897,2.20587904157583,9.08582025857922,143,24990,10374
"158",0.0302851826418191,0.231912145437673,0.1,0.714611003641039,2.94749157316983,1,1,1,0,0,1,1,0,0,1,1,0,1,0,1,0,0,0,1,0,0,1,1,0,1,0.479209001199342,1.15956072718836,5.7136609526363,132,24935,17201
"159",0.0404154900461435,0.451066929590888,0.1,0.315360147040337,1.89979840070009,1,0,1,0,0,0,1,0,0,0,1,0,1,0,1,0,0,0,1,1,0,0,1,1,1,0.375492682517506,2.25533464795444,11.0218784355182,125,25000,7564
"160",0.721648464910686,0.197243338625412,0.1,0.411499238223769,1.60583152621984,1,1,0,0,0,1,1,0,0,0,0,0,1,0,0,0,0,0,1,0,0,0,0,0,1,0.214565440104343,0.986216693127062,2.46089991375352,192,22097,9163
"161",0.421489893691614,0.197863361460622,0.1,0.374027405981906,3.14093068242073,1,0,0,0,0,0,1,1,1,0,0,1,1,0,0,0,1,0,1,0,0,0,0,0,1,0.42430115477182,0.989316807303112,3.64399571174406,145,24294,9252
"162",0.837489879690111,0.453921926266048,0.1,0.575767696835101,4.90690693352371,1,1,1,0,1,1,1,0,0,0,1,0,1,1,0,0,0,1,1,0,1,0,0,0,1,0.430056941253133,2.26960963133024,7.13184233559832,128,24952,13743
"163",0.20812145457603,0.257908615795895,0.1,0.305377796874382,1.92362434417009,1,0,1,0,0,0,1,0,0,0,1,0,1,0,0,0,0,0,1,1,0,0,0,1,1,0.450916926329955,1.28954307897948,5.59108156862175,137,24920,6993
"164",0.153164744842798,0.208506646775641,0.1,0.254133990965784,1.67835311312228,1,0,0,0,0,0,1,1,0,0,0,1,1,1,0,0,0,1,1,1,0,0,0,1,1,0.261533837975003,1.0425332338782,4.76868711051943,155,24825,5944
"165",0.253131456440315,0.357582261320204,0.1,0.686894674086943,1.81817052140832,1,1,0,1,1,1,1,1,0,0,0,1,1,1,1,1,0,1,1,0,1,0,1,0,1,0.404206399526447,1.78791130660102,8.2209856947649,118,24995,16966
"166",0.38757088384591,0.300063196162228,0.1,0.571209747344255,4.62071615085006,1,1,0,1,1,1,1,0,1,1,0,0,1,0,1,1,1,0,1,1,1,1,1,1,1,0.45494431911502,1.50031598081114,6.85341940117748,133,24980,15344
"167",0.805059909122065,0.279400067147799,0.1,0.404870619182475,3.78219207655638,1,0,1,0,1,0,1,1,0,1,1,1,1,0,1,0,0,0,1,1,1,1,1,1,1,0.477779163769446,1.39700033573899,5.42689285098815,128,24804,9694
"168",0.752932395786047,0.266889119939879,0.1,0.449173583649099,1.74124627374113,1,0,1,0,0,0,1,0,1,0,1,0,1,0,0,0,1,0,1,0,0,0,0,0,1,0.359015392255969,1.33444559969939,3.52663043438719,145,24168,11768
"169",0.904112487565726,0.30172087267274,0.1,0.327964084455743,1.08824580255896,1,1,1,0,1,1,1,0,0,0,1,0,1,0,0,0,0,0,1,0,1,0,0,0,1,0.444099659961648,1.5086043633637,4.29863526312688,138,23788,7305
"170",0.215967305004597,0.318084361637011,0.1,0.263475350569934,1.21076296083629,1,0,0,0,0,0,1,1,0,0,0,1,1,0,0,0,0,0,1,1,0,0,0,1,1,0.310968985944055,1.59042180818506,6.85590531445319,121,24985,6687
"171",0.131937811383978,0.364960581774358,0.1,0.511906418716535,1.91149151604623,1,0,1,0,0,0,1,0,0,0,1,0,1,1,1,0,0,1,1,0,0,0,1,0,1,0.35947539054323,1.82480290887179,8.45657534103499,113,24997,13009
"172",0.258833082159981,0.340117193688638,0.1,0.621948543237522,1.82964226882905,1,0,0,0,0,0,1,1,0,1,0,1,1,0,1,0,0,0,1,0,0,1,1,0,1,0.274179553962313,1.70058596844319,7.29904510495812,119,24987,15806
"173",0.823014482390136,0.225019655819051,0.1,0.528937464696355,1.29714520741254,1,1,0,1,1,1,1,0,0,1,0,0,1,0,0,1,0,0,1,0,1,1,0,0,1,0.469195812661201,1.12509827909525,3.75377248611292,170,23708,13137
"174",0.960978986229748,0.243530666606966,0.1,0.516373813850805,3.48332522716373,1,0,0,0,0,0,1,1,0,1,0,1,1,0,0,0,0,0,1,1,0,1,0,1,1,0.2973692339845,1.21765333303483,3.24837807889761,200,22190,12161
"175",0.228239675052464,0.216001744987443,0.1,0.355742435785942,4.95349317789078,1,0,0,0,0,0,1,1,0,0,0,1,1,0,0,0,0,0,1,1,0,0,0,1,1,0.259917540289462,1.08000872493722,4.61349260753405,172,24783,8441
"176",0.331930093234405,0.454483380005695,0.1,0.543656106456183,2.11528970487416,1,0,0,0,0,0,1,0,0,1,0,0,1,0,1,0,0,0,1,0,0,1,1,0,1,0.390227723377757,2.27241690002847,8.98845351899388,105,24998,14357
"177",0.810337402159348,0.448549151641782,0.1,0.497544223442674,3.09951526112854,1,0,0,0,0,0,1,0,0,0,0,0,1,0,0,0,0,0,1,0,0,0,0,0,1,0.232451447565109,2.24274575820891,3.94420570540093,152,24588,11949
"178",0.88001334364526,0.498467259609606,0.1,0.551629510242492,2.47703173290938,1,0,0,0,0,0,1,0,1,1,0,0,1,0,1,0,1,0,1,1,0,1,1,1,1,0.339904563059099,2.49233629804803,8.14980144126003,112,24901,15092
"179",0.0610942784696817,0.156275335419923,0.1,0.518242038087919,4.35306216124445,1,0,1,1,1,0,1,1,1,0,1,1,1,1,0,1,1,1,1,1,1,0,0,1,1,0.444762944197282,0.781376677099615,3.84992876069005,159,24475,12264
"180",0.0984144122339785,0.468841315398458,0.1,0.604354688664898,2.7726492760703,1,0,0,0,1,0,1,0,0,1,0,0,1,1,0,0,0,1,1,0,1,1,0,0,1,0.372592050326057,2.34420657699229,11.0758366304731,126,24999,13775
"181",0.361477912403643,0.355853623745497,0.1,0.497292040614411,1.03853943198919,1,1,1,1,0,1,1,0,0,0,1,0,1,0,0,1,0,0,1,1,0,0,0,1,1,0.455154682742432,1.77926811872749,7.38913053312486,120,24982,10828
"182",0.367162195267156,0.279524205147754,0.1,0.49436994001735,2.11373137775809,1,1,0,0,0,1,1,0,0,1,0,0,1,0,0,0,0,0,1,0,0,1,0,0,1,0.466641924437135,1.39762102573877,5.37759842909677,156,24887,11628
"183",0.486423439811915,0.242381316202227,0.1,0.255590088083409,1.58347322791815,1,1,0,1,0,1,1,0,1,1,0,0,1,0,1,1,1,0,1,1,0,1,1,1,1,0.416476578172296,1.21190658101114,5.16428118282957,128,24864,7183
"184",0.64223256893456,0.392159797623754,0.1,0.529504911275581,3.0765144880861,1,0,0,1,0,0,1,1,0,1,0,1,1,0,1,1,0,0,1,0,0,1,1,0,1,0.439263780997135,1.96079898811877,6.88035057075758,143,24979,13418
"185",0.811959114391357,0.415062861551996,0.1,0.651569920824841,1.1322764698416,1,0,0,0,0,0,1,0,1,1,0,0,1,0,0,0,1,0,1,0,0,1,0,0,1,0.423470908263698,2.07531430775998,5.50697145340067,138,24757,12078
"186",0.461614025756717,0.48174848461058,0.1,0.345330261043273,4.79497070983052,1,0,1,1,0,0,1,1,0,1,1,1,1,0,0,1,0,0,1,1,0,1,0,1,1,0.433897800859995,2.4087424230529,9.81989354143162,111,25000,8466
"187",0.93206017720513,0.408304287109058,0.1,0.501333450549282,3.6481656730175,1,0,0,1,0,0,1,0,0,0,0,0,1,1,1,1,0,1,1,1,0,0,1,1,1,0.265722440322861,2.04152143554529,6.57293538490079,138,24528,12087
"188",0.324554852908477,0.438811958523001,0.1,0.452148349839263,4.54574200883508,1,0,0,0,1,0,1,0,0,0,0,0,1,0,0,0,0,0,1,0,1,0,0,0,1,0.287608754937537,2.19405979261501,8.42347238110219,116,24994,11624
"189",0.530176374129951,0.486098838376347,0.1,0.487570966477506,1.65717902872711,1,0,0,0,1,0,1,0,1,0,0,0,1,0,0,0,1,0,1,1,1,0,0,1,1,0.32206673854962,2.43049419188173,8.67591242442352,179,24996,12680
"190",0.928746646502987,0.21315537932096,0.1,0.632176351035014,3.38315392099321,1,1,1,1,0,1,1,0,0,1,1,0,1,1,1,1,0,1,1,1,0,1,1,1,1,0.370166278234683,1.0657768966048,4.189536141503,139,24600,15633
"191",0.729979696916416,0.352047870785464,0.1,0.374031841289252,4.39841884374619,1,0,0,0,1,0,1,0,0,1,0,0,1,1,0,0,0,1,1,1,1,1,0,1,1,0.409834881103598,1.76023935392732,5.90514206839107,127,24904,10608
"192",0.538810294121504,0.471240493783262,0.1,0.553485759650357,4.38727764505893,1,0,1,0,1,0,1,1,0,0,1,1,1,1,0,0,0,1,1,0,1,0,0,0,1,0.434444858832285,2.35620246891631,8.85393575279337,109,24996,13673
"193",0.613734069745988,0.306255541997962,0.1,0.718724194681272,2.59526539873332,1,1,1,1,1,1,1,0,0,1,1,0,1,0,0,1,0,0,1,0,1,1,0,0,1,0.480989516922273,1.53127770998981,5.94789757149286,130,24886,17154
"194",0.887727655470371,0.180171944212634,0.1,0.56546258542221,4.36888276785612,1,1,1,0,0,1,1,1,0,0,1,1,1,0,0,0,0,0,1,1,0,0,0,1,1,0.296309631573968,0.90085972106317,2.76621626209502,183,22735,13022
"195",0.778220311738551,0.284427258267533,0.1,0.691975251305848,4.12880796380341,1,0,1,0,0,0,1,0,0,1,1,0,1,0,1,0,0,0,1,0,0,1,1,0,1,0.370483333850279,1.42213629133766,4.25185555272823,141,24416,18090
"196",0.919079684186727,0.180975173029583,0.1,0.262286450946704,1.57801803760231,1,0,0,0,1,0,1,0,1,1,0,0,1,0,0,0,1,0,1,0,1,1,0,0,1,0.200400233292021,0.904875865147915,2.46990698909643,200,20459,5292
"197",0.871042732149363,0.212247927451972,0.1,0.734150136006065,3.80675671156496,1,1,0,0,1,1,1,1,1,1,0,1,1,1,1,0,1,1,1,0,1,1,1,0,1,0.492189150024205,1.06123963725986,4.30345167142257,136,24576,17557
"198",0.150534524116665,0.315376285568345,0.1,0.503082292969339,4.81107772514224,1,0,1,0,0,0,1,1,0,0,1,1,1,0,0,0,0,0,1,0,0,0,0,0,1,0.369701593206264,1.57688142784173,7.12944207767742,116,24985,10676
"199",0.774069799110293,0.188112035568338,0.1,0.557499530841596,4.64446317497641,1,1,0,1,0,1,1,0,0,0,0,0,1,0,0,1,0,0,1,0,0,0,0,0,1,0.360722852847539,0.940560177841689,2.56947995165252,196,21861,12391
"200",0.626230962341651,0.319175176112913,0.1,0.550572128267959,3.67071038484573,1,1,0,0,0,1,1,1,0,0,0,1,1,0,0,0,0,0,1,0,0,0,0,0,1,0.320563179417513,1.59587588056456,4.94032351715576,142,24762,15266
