w_true,w_hat,beta_par_true,beta_par_hat,k_true,k_hat,logLik
0.687710084,0.752592789,0.347811736,0.35876178,2.055137162,1.646965626,-758.7595341
0.943758885,0.929745805,0.290621698,0.281079606,3.30093458,3.869707059,-1225.376904
0.537755443,0.584797144,0.419661096,0.434123003,5.185128377,5.712873963,-700.2438307
0.925716442,0.928324472,0.321775637,0.312388357,5.533198293,6.506462489,-1098.092675
0.526289862,0.483410344,0.29015813,0.279160162,2.945204033,2.652413951,-922.9291834
0.448608823,0.063322208,0.254015364,0.207426968,2.186664706,2.366082599,-1027.652149
0.849401433,0.861241388,0.317388119,0.320658738,5.140748206,5.913157799,-1473.392338
0.904781593,0.912423315,0.408877043,0.419295237,5.299073498,5.509733332,-1105.364307
0.427822704,0.320842884,0.495433868,0.495125737,4.641966804,4.261793688,-373.152308
0.681539317,0.666579064,0.443710182,0.42690942,2.345881897,2.028305323,-737.5614085
0.825969294,0.812247354,0.398259632,0.402299734,5.25068678,4.66256103,-673.6656254
0.898431228,0.886039989,0.356858245,0.361433405,2.912949831,2.542628949,-674.8412846
0.408115542,0.399122251,0.41482152,0.423876825,1.734415218,1.767557974,-576.1020771
0.146359782,0.123543069,0.410832896,0.40076408,1.967949585,2.270745253,-529.5956603
0.32836673,0.459814439,0.283335435,0.296399616,5.89165283,6.156618426,-599.2153736
0.301729087,0.362408386,0.31899528,0.321704613,1.397101733,1.35196462,-743.1910443
0.567974061,0.63242539,0.461649461,0.493676616,3.267594258,3.076403451,-588.9478065
0.129793134,0.1527728,0.404949943,0.433051914,1.572167967,1.269623226,-427.0223534
0.206117568,0.132613068,0.274175375,0.259468742,5.53084116,5.086048561,-785.1490049
0.738836698,0.831786846,0.429767512,0.446678007,1.308755644,1.227318975,-553.8590956
0.621110087,0.574590499,0.296989956,0.290157743,2.716156251,3.996670159,-869.6171037
0.152823312,0.191883074,0.498048507,0.504446424,1.904354709,2.346570804,-450.1957212
0.967746994,0.932850834,0.483944589,0.491010735,4.175649607,4.089156487,-634.8260732
0.329443357,0.446834066,0.2806315,0.290698905,5.896221991,5.913045798,-808.0792751
0.392969278,0.073169628,0.490709862,0.361184763,4.610566815,6.520982393,-571.1354837
0.986003271,0.998505019,0.28607349,0.288229377,5.073843099,4.312576228,-1239.469983
0.4943887,0.572813689,0.355027756,0.374091895,2.275191847,2.200907623,-747.5306856
0.346548223,0.214392283,0.266460307,0.254340218,4.805830039,3.955775319,-873.2532262
0.619318379,0.56214902,0.456484941,0.427896924,2.399232288,2.463581141,-661.5465129
0.88473966,0.889236086,0.490633127,0.499412554,1.465193893,1.630235924,-854.4871338
0.997587502,0.996877432,0.271439872,0.267852331,5.080181119,8.039798476,-1465.65645
0.309692174,0.362430445,0.428240769,0.433930878,1.085083863,1.424554461,-567.7568856
0.584259767,0.479381903,0.424333653,0.406248615,5.168239116,4.044205873,-609.9827171
0.624007257,0.902636779,0.285064843,0.326300707,2.193312746,2.45342208,-802.3493144
0.15241322,0.311113173,0.418159949,0.477766268,4.710795562,4.733365025,-490.4469769
0.725518883,0.664557204,0.473383279,0.45061578,3.888506405,3.501674499,-822.4830298
0.692102831,0.767718836,0.320950272,0.328322873,3.237249893,3.564833892,-808.4431553
0.031549767,0.071951106,0.43424055,0.427544075,1.538220324,1.676534671,-430.7104703
0.844312155,0.896908398,0.268871427,0.27772208,2.446061154,3.343340344,-1465.964804
0.622872933,0.677562756,0.268912801,0.280732176,5.14347696,4.668392569,-1220.34438
0.201477891,0.215307228,0.406523118,0.417045569,4.31858599,3.855120612,-514.0008548
0.643314786,0.502734315,0.321551903,0.283535742,2.289892554,2.217199117,-831.3038079
0.996599704,0.972101829,0.482604553,0.488273844,1.371813636,1.543897422,-845.7577187
0.703387287,0.774939842,0.401294626,0.40658917,2.251025293,1.945031535,-624.6497997
0.402772297,0.6752892,0.290089428,0.430212331,3.568357745,2.66173443,-1079.120615
0.966628965,0.931828184,0.45641616,0.45615863,1.7369119,2.01938362,-991.1869551
0.947105841,0.990942057,0.392812193,0.38477296,3.838522235,3.809486028,-706.6570854
0.167153711,0.139684782,0.318302183,0.311811046,2.242524469,2.047916535,-707.009576
0.837851477,0.790246476,0.361515455,0.357612666,1.363310869,0.979330104,-875.3717835
0.771287283,0.782251745,0.426192684,0.422109503,3.431438161,3.643943836,-865.3061029
