X,w_true,w_mode,w_low_H,w_hi_H,w_mean,w_low_E,w_hi_E,beta_par_true,beta_par_mode,beta_par_low_H,beta_par_hi_H,beta_par_mean,beta_par_low_E,beta_par_hi_E,k_true,k_mode,k_low_H,k_hi_H,k_mean,k_low_E,k_hi_E,Gel_w,Gel_beta,Gel_k,logLik
2,0.943758885,0.930400702,0.914840236,0.944591825,0.930298732,0.914501002,0.944458874,0.290621698,0.281483753,0.271170516,0.292552791,0.282322741,0.271746213,0.293317333,3.30093458,3.806399389,3.181932356,4.846272219,3.917339048,3.140223783,4.819821582,1.004719986,1.004096548,1.004995738,-1225.193
3,0.537755443,0.599034619,0.459102684,0.674700473,0.570515476,0.441673081,0.66693679,0.419661096,0.436407092,0.370360436,0.48787382,0.42913027,0.36650176,0.486155132,5.185128377,5.835391481,4.238541552,7.693019576,5.961281948,4.362659483,7.873710254,1.005837917,1.004168482,1.00352905,-700.3104
4,0.925716442,0.935142281,0.920904102,0.945992856,0.933510308,0.920589633,0.945744785,0.321775637,0.312704349,0.304052166,0.324413585,0.314059461,0.30395162,0.324348246,5.533198293,6.236577913,4.815919394,8.253312553,6.450659213,4.877468697,8.40204498,1.001132564,1.004799533,1.002269779,-1096.013
6,0.448608823,0.142183537,0.000247707,0.433995524,0.202368512,0.010314764,0.472722928,0.254015364,0.217219065,0.198171559,0.257216661,0.223916553,0.199912839,0.260521516,2.186664706,2.342900402,1.838176946,2.886838595,2.362193111,1.871058632,2.925381051,1.002147919,1.001790326,1.001903753,-1026.738
7,0.849401433,0.897025643,0.751633161,0.943596995,0.860663177,0.73058757,0.935484281,0.317388119,0.343245688,0.24142405,0.402388709,0.33148899,0.241478404,0.405116709,5.140748206,5.341988253,4.263454307,6.725214782,5.42881548,4.298850167,6.806784296,1.020219717,1.017488407,1.0097878,-1476.834384
8,0.904781593,0.901772989,0.887515182,0.921273901,0.904213254,0.886424666,0.920455232,0.408877043,0.406927898,0.388752147,0.431380578,0.409516139,0.38857496,0.431256873,5.299073498,5.24869528,4.180698319,6.860610652,5.475094905,4.243453548,6.95406593,1.001367164,1.001241316,1.003255282,-1106.135547
23,0.967746994,0.973459858,0.907539572,0.999948151,0.957291905,0.889043713,0.997521658,0.483944589,0.494552037,0.467734179,0.519184553,0.494699593,0.46770362,0.519184553,4.175649607,3.909052845,2.692233339,5.14936488,3.921474098,2.810220399,5.322783139,1.006061433,1.005745237,1.002887792,-633.0511661
26,0.986003271,0.997631309,0.968871984,0.999996587,0.989278571,0.962962576,0.999730226,0.28607349,0.285780791,0.275530689,0.294946894,0.28570292,0.275411629,0.294946894,5.073843099,4.410327385,3.474644595,5.283412749,4.342798778,3.44775477,5.26629311,1.011622516,1.005313546,1.007137015,-1238.832415
28,0.346548223,0.352400802,0.157778791,0.539202277,0.343888077,0.137116857,0.524327861,0.266460307,0.263514842,0.239537251,0.300293775,0.269549308,0.238646453,0.299834286,4.805830039,3.752948061,2.865093086,4.940146873,3.87815125,2.94091559,5.095794392,1.005837217,1.004362474,1.003815043,-872.3189899
29,0.619318379,0.631282684,0.344738013,0.799926876,0.583433251,0.301488335,0.775732567,0.456484941,0.45290468,0.349147071,0.523677833,0.44353176,0.351146108,0.526814261,2.399232288,2.378024529,1.932762243,3.388150229,2.595026559,1.933284516,3.396143885,1.023642527,1.018605485,1.011094364,-660.7335873
30,0.88473966,0.885176863,0.846266552,0.913492429,0.880518886,0.843095157,0.911571903,0.490633127,0.489787017,0.463816799,0.522293252,0.492331224,0.462997599,0.521653455,1.465193893,1.593246918,1.248340608,1.965916156,1.594008908,1.250286317,1.969214792,1.003673121,1.004707141,1.00186451,-854.7305318
31,0.997587502,0.9981888,0.996832997,0.999141858,0.998002207,0.996695388,0.99910356,0.271439872,0.26535397,0.25688375,0.272589984,0.264765379,0.256886984,0.272686229,5.080181119,6.278704376,4.787473873,7.916353532,6.380507201,4.858219698,8.065753233,1.000594975,1.003279158,1.006534282,-1460.486008
32,0.309692174,0.354988815,0.077736125,0.578907255,0.339778575,0.066892825,0.572931289,0.428240769,0.432948516,0.324197785,0.540633541,0.436041835,0.335542596,0.558058206,1.085083863,1.346242473,1.025715705,1.794217612,1.408581321,1.049791831,1.82712044,1.008304067,1.008558959,1.00125797,-567.4498008
34,0.624007257,0.743974973,0.380280196,0.995039295,0.696538828,0.305404963,0.972917992,0.285064843,0.301826539,0.259652334,0.341777742,0.300980419,0.257767988,0.340251978,2.193312746,2.34530476,1.805334702,2.9918816,2.381928547,1.839786703,3.054475269,1.001626576,1.002563042,1.014307381,-801.6269529
36,0.725518883,0.664588883,0.644040416,0.705895331,0.670956112,0.644040416,0.705895331,0.473383279,0.45058951,0.417963329,0.476932285,0.448800905,0.417963329,0.476932285,3.888506405,3.510220278,2.981762441,3.53388335,3.315785982,2.981762441,3.53388335,Inf,Inf,Inf,-825.6124001
38,0.031549767,0.323597711,4.21038015698538e-05,0.335200322,0.199157107,0.009921316,0.367412283,0.43424055,0.56298068,0.41215509,0.563311753,0.486080237,0.409385242,0.563311753,1.538220324,1.475666462,1.339657738,2.523495707,1.793421518,1.339657738,2.523495707,1.314469992,1.770603283,1.21080505,-439.0829376
39,0.844312155,0.884695333,0.812066962,0.901188935,0.873843114,0.812066962,0.905369548,0.268871427,0.278650298,0.263538507,0.290631521,0.278033718,0.263538507,0.290763541,2.446061154,2.657665936,2.077615708,3.363221891,2.707612267,2.079190767,3.378839437,1.219161802,1.088805584,1.116036396,-1458.343941
40,0.622872933,0.629746615,0.555072508,0.688553955,0.62391712,0.550110432,0.685343616,0.268912801,0.268833421,0.247124168,0.287411143,0.267423742,0.246491016,0.28705001,5.14347696,5.22886336,4.027692508,6.427176046,5.238800289,4.122089021,6.554365128,1.004198594,1.005321973,1.0019164,-1219.527245
41,0.201477891,0.157095615,0.002452355,0.332868882,0.171578602,0.011564116,0.353207136,0.406523118,0.39112894,0.359219925,0.438188983,0.398478398,0.362443604,0.445409264,4.31858599,3.489321552,2.617542453,5.234081544,3.826989659,2.662496493,5.311391449,1.005687897,1.005577817,1.009428248,-512.2776986
45,0.402772297,0.695371053,0.191776643,0.820014087,0.592189783,0.159592733,0.810271729,0.290089428,0.370133861,0.207823638,0.552407332,0.39496024,0.218499997,0.565003114,3.568357745,3.51654,2.818331138,4.601509274,3.666259318,2.845374188,4.639363127,1.489261197,1.249064633,1.008473997,-1166.217963
46,0.966628965,0.952785474,0.885691614,0.987763844,0.939557342,0.876865383,0.983665721,0.45641616,0.452937435,0.422989616,0.490392765,0.454603693,0.419049117,0.487164696,1.7369119,2.070293964,1.649428319,2.580591533,2.102816373,1.664478302,2.602600107,1.006788328,1.007760243,1.009668777,-991.1685494
47,0.947105841,0.990101171,0.795477136,0.999995228,0.933615408,0.552433147,0.99861103,0.392812193,0.380445602,0.356559208,0.398645799,0.37875252,0.347388059,0.39395437,3.838522235,3.977378939,2.815043286,5.042844478,3.923660705,2.875831571,5.175125628,1.061095939,1.013828542,1.012626728,-708.3575302
