,w_true,w_mode,w_low_H,w_hi_H,w_mean,w_low_E,w_hi_E,beta_par_true,beta_par_mode,beta_par_low_H,beta_par_hi_H,beta_par_mean,beta_par_low_E,beta_par_hi_E,k_true,k_mode,k_low_H,k_hi_H,k_mean,k_low_E,k_hi_E,Gel_w,Gel_beta,Gel_k
1,0.687710084,0.688022356,0.50873069,0.860940579,0.685666471,0.495065974,0.848568055,0.347811736,0.346113091,0.303783206,0.398110187,0.34963584,0.302241633,0.397808658,2.055137162,1.833555802,1.399875052,2.414419327,1.899577618,1.439741883,2.46159855,1.004033255,1.003393595,1.003274986
2,0.943758885,0.447361126,0.443924062,0.576322061,0.498647097,0.443924062,0.576322061,0.290621698,0.348920658,0.338323726,0.382931375,0.35560454,0.338323726,0.382931375,3.30093458,3.812371937,3.628106186,4.621874251,3.911681448,3.628106186,4.621874251,Inf,Inf,Inf
3,0.537755443,0.427428776,0.42693584,0.651103602,0.539059261,0.42693584,0.658431941,0.419661096,0.308177901,0.308466755,0.47399231,0.403550791,0.308466755,0.483073279,5.185128377,2.991453641,2.986882871,7.536134525,5.417810272,2.986882871,7.938969249,1.776827636,2.59157271,2.233805964
4,0.925716442,0.47653995,0.467438029,0.640358467,0.508956345,0.467438029,0.640358467,0.321775637,0.373668305,0.298370166,0.386286026,0.355621583,0.298370166,0.386286026,5.533198293,4.355281524,3.15381753,4.660853915,3.927065598,3.15381753,4.660853915,Inf,Inf,Inf
5,0.526289862,0.504030509,0.332348646,0.603881327,0.474463468,0.326734056,0.600920767,0.29015813,0.28456048,0.251020174,0.310264544,0.280721409,0.250247758,0.310049654,2.945204033,2.939622562,2.223638124,3.709772725,2.954257708,2.25655316,3.77797923,1.004871197,1.003887214,1.012297567
6,0.448608823,0.452569005,0.033580972,0.589294492,0.330203705,0.021779977,0.589294492,0.254015364,0.215009613,0.202943768,0.389772211,0.279009806,0.20079731,0.389772211,2.186664706,2.286526432,2.009905924,4.769523783,3.195798863,1.921898744,4.769523783,2.502666371,7.701974229,8.092342159
7,0.849401433,0.478550957,0.422902751,0.525178195,0.481823877,0.422902751,0.525178195,0.317388119,0.371308742,0.307804161,0.373642964,0.345073928,0.307804161,0.373642964,5.140748206,3.30742131,3.163168387,4.509828208,3.534359452,3.163168387,4.509828208,Inf,Inf,Inf
8,0.904781593,0.47734708,0.417609754,0.909992561,0.572862465,0.417609754,0.912860776,0.408877043,0.333911123,0.301239673,0.416879874,0.352962674,0.301239673,0.423335331,5.299073498,4.662207136,3.371706088,5.940752044,4.3656517,3.371706088,6.317851372,67.84504237,10.48695404,3.488203847
9,0.427822704,0.308375717,0.050705461,0.555447439,0.298129149,0.049798865,0.554887368,0.495433868,0.495720005,0.454810481,0.536002763,0.4959905,0.457998844,0.539555975,4.641966804,3.647651214,2.497742959,5.519908104,3.919245471,2.590852885,5.63907067,1.007590673,1.007280287,1.00328962
10,0.681539317,0.675863945,0.484285405,0.788406293,0.647122326,0.453908418,0.772845696,0.443710182,0.427048102,0.347541635,0.490165265,0.421125433,0.34141047,0.487005403,2.345881897,2.139464684,1.702928172,2.83169302,2.202879606,1.6764209,2.810682891,1.00962133,1.008332456,1.007337696
11,0.825969294,0.836274487,0.790426031,0.857270131,0.826124417,0.790602006,0.857637729,0.398259632,0.400749035,0.382548898,0.419325797,0.401941849,0.383827164,0.420931994,5.25068678,4.656694169,3.644253579,6.723264116,5.071982081,3.698933229,6.818590175,1.001226356,1.005521292,1.000540667
12,0.898431228,0.878332241,0.850253394,0.908872861,0.879620878,0.848060912,0.907732602,0.356858245,0.363119021,0.344019062,0.378724695,0.362445736,0.344602541,0.379690924,2.912949831,2.543654372,1.909930759,3.22994649,2.58788367,1.957097199,3.314128064,1.000801179,1.004189926,1.002316855
13,0.408115542,0.391970321,0.188617953,0.515002915,0.369326617,0.189204218,0.515619105,0.41482152,0.418504547,0.360749888,0.462253108,0.412045843,0.360749888,0.462253108,1.734415218,1.905539754,1.403511794,2.522442349,1.977902482,1.438942705,2.57229049,1.003902901,1.005998882,1.007925655
14,0.146359782,0.199311846,0.000938132,0.378465415,0.193065942,0.018589413,0.417008918,0.410832896,0.414938597,0.379020372,0.47623647,0.424949409,0.382791808,0.482645207,1.967949585,2.105116549,1.577856855,2.976750897,2.248200292,1.598455547,3.018670754,1.004932691,1.004100331,1.002576575
15,0.32836673,0.358756295,0.068362933,0.698495862,0.397031237,0.070061003,0.703492622,0.283335435,0.284375772,0.25362902,0.324818197,0.290014251,0.255964406,0.32826522,5.89165283,5.726447976,4.373692126,8.2647286,6.200557439,4.394256816,8.321532103,1.012200669,1.013179402,1.003708152
16,0.301729087,0.377562085,0.200417909,0.498696079,0.357348106,0.193929079,0.497427324,0.31899528,0.328103908,0.287656613,0.359305907,0.323089593,0.287153551,0.358972454,1.397101733,1.392665579,1.113091109,1.810680717,1.446529108,1.12406641,1.829894488,1.007649333,1.006320098,1.00270042
17,0.567974061,0.697237807,0.530703359,0.813988825,0.673515231,0.515546785,0.800555041,0.461649461,0.520263699,0.453460715,0.56627767,0.512827984,0.454170218,0.568018588,3.267594258,2.846793125,2.166760536,3.974388382,3.023847833,2.20601135,4.037972693,1.004581847,1.003986062,1.003811648
18,0.129793134,0.045305311,0.00049962,0.3086054,0.132155046,0.005983415,0.349173107,0.404949943,0.415980831,0.385602188,0.490450688,0.431548457,0.390067476,0.497845221,1.572167967,1.39586127,1.000253626,1.9128592,1.4361379,1.026645947,1.955437957,1.002233259,1.001459801,1.002965575
19,0.206117568,0.117452304,0.00020724,0.275128942,0.141467559,0.010477015,0.301759695,0.274175375,0.258620143,0.237824517,0.286566511,0.262725762,0.240205208,0.290961714,5.53084116,6.546685056,4.630611646,8.340569873,6.429455205,4.785073157,8.536219407,1.004021325,1.005198467,1.004801248
20,0.738836698,0.745415515,0.495465313,0.964877179,0.736778232,0.466631349,0.953222713,0.429767512,0.436314359,0.398410419,0.472561519,0.435870646,0.397655793,0.471946341,1.308755644,1.257478525,0.936737244,1.635087462,1.257653959,0.93768384,1.639168324,1.002936687,1.002790891,1.004552281
21,0.621110087,0.598093293,0.524428109,0.675522755,0.601777185,0.522165497,0.674450194,0.296989956,0.301263598,0.281412466,0.316106198,0.298641463,0.281225483,0.316093769,2.716156251,4.391893549,3.144594797,5.369523121,4.277281697,3.224424772,5.471001104,1.004554116,1.0025899,1.006052102
22,0.152823312,0.083618521,0.000172076,0.407445428,0.185656298,0.008152441,0.452040799,0.498048507,0.488223223,0.450130856,0.56326875,0.50212477,0.454345027,0.573188909,1.904354709,2.3984562,1.6222549,3.269310625,2.515052613,1.735336645,3.429299945,1.003674893,1.005773348,1.005253967
23,0.967746994,0.44560235,0.434925853,0.98833855,0.639236496,0.434925853,0.99439186,0.483944589,0.360826356,0.348634386,0.508697246,0.409201721,0.349192799,0.513150226,4.175649607,3.478546546,2.690294774,8.36194552,4.125220357,3.034418883,9.053603494,15.21292626,9.714559495,1.674779858
24,0.329443357,0.372113694,0.221808862,0.450032263,0.347033264,0.216448249,0.448487323,0.2806315,0.286950346,0.266136563,0.306775009,0.287198094,0.264669742,0.306181318,5.896221991,5.61907662,4.116816133,7.302299452,5.655399653,4.209998956,7.468028109,1.008612236,1.016927999,1.016054879
25,0.392969278,0.039366185,0.002697459,0.310837951,0.142595186,0.011813172,0.342733774,0.490709862,0.36134103,0.341008777,0.452390438,0.389846046,0.346165053,0.466314641,4.610566815,6.019376677,4.394812855,8.265266931,6.177473726,4.398100095,8.327739769,1.015219815,1.017328008,1.010856339
26,0.986003271,0.566173743,0.450896824,0.567688775,0.516392013,0.450896824,0.567688775,0.28607349,0.391718109,0.310007235,0.391899415,0.365367792,0.310007235,0.391899415,5.073843099,2.964861111,2.939549644,4.621276064,3.749554548,2.939549644,4.621276064,Inf,Inf,Inf
27,0.4943887,0.565081102,0.464991959,0.653556134,0.56467481,0.460461928,0.65181504,0.355027756,0.377257752,0.349009053,0.402876583,0.375316087,0.347657217,0.401579002,2.275191847,2.224790894,1.713271985,2.892386036,2.300097909,1.750904313,2.955337632,1.006859931,1.005043291,1.008191649
28,0.346548223,0.465506689,0.161848145,0.529875602,0.370217395,0.143163244,0.519968344,0.266460307,0.383431011,0.244755114,0.383379664,0.292553811,0.239486058,0.383379664,4.805830039,3.683634289,2.997567694,4.939787344,3.82906198,2.956671709,4.924064849,1.206422621,4.662904472,1.042987287
29,0.619318379,0.577750063,0.337234842,0.786419244,0.577757368,0.277144147,0.760467182,0.456484941,0.344405951,0.344398344,0.520885277,0.422764562,0.344398344,0.521637016,2.399232288,4.223989135,2.049076855,4.224759608,2.904035013,1.964612021,4.224759608,1.04420827,1.576018934,3.065526297
30,0.88473966,0.63612497,0.636306255,0.906051467,0.832204204,0.636306255,0.910470864,0.490633127,0.362928555,0.362937279,0.514827141,0.467110647,0.362937279,0.521448267,1.465193893,4.533343392,1.317391289,4.535703157,2.178652615,1.268542843,4.535703157,9.629149981,5.960455032,10.49378822
31,0.997587502,0.411755402,0.410307528,0.569278537,0.481904462,0.410307528,0.569278537,0.271439872,0.327275585,0.30246131,0.394517117,0.341818261,0.30246131,0.394517117,5.080181119,2.691934923,2.690322974,4.905563839,3.531964649,2.690322974,4.905563839,Inf,Inf,Inf
32,0.309692174,0.557614035,0.075163171,0.581510795,0.378742898,0.04503806,0.560484029,0.428240769,0.384636601,0.319498064,0.533196675,0.424691627,0.331060235,0.551332235,1.085083863,4.045793586,1.117546717,4.048273389,1.941278724,1.052428148,4.048273389,1.35019199,1.116764595,8.397831886
33,0.584259767,0.515574735,0.318732872,0.682530356,0.507444306,0.291882157,0.669008949,0.424333653,0.412485317,0.368070943,0.449686854,0.408333729,0.364724028,0.446904779,5.168239116,4.336890283,3.219657357,6.385529996,4.751306597,3.302713502,6.469101958,1.01365877,1.010200207,1.005008276
34,0.624007257,0.6129643,0.46792216,0.98636112,0.652431904,0.393916341,0.964357162,0.285064843,0.320833158,0.271219884,0.342097695,0.310096021,0.264731352,0.33796364,2.193312746,2.342856768,1.974044006,4.886096168,3.148029449,1.8701446,4.886096168,1.368796522,1.270330275,6.41878264
35,0.15241322,0.41825379,0.147725741,0.625992187,0.398240149,0.100458126,0.598557172,0.418159949,0.522521182,0.400046341,0.620857456,0.517732512,0.40219999,0.62673939,4.710795562,4.132088812,3.034135087,6.188093993,4.606669115,3.174834068,6.398674379,1.012841546,1.01416323,1.002403224
36,0.725518883,0.546010594,0.425028545,0.682696526,0.541022658,0.425028545,0.682696526,0.473383279,0.372405569,0.304314929,0.445945898,0.371678961,0.304314929,0.445945898,3.888506405,3.744411872,2.02610024,4.999749526,3.83999507,2.02610024,4.999749526,Inf,Inf,Inf
37,0.692102831,0.709610525,0.497679463,0.894736127,0.697844022,0.490571973,0.891618673,0.320950272,0.323006473,0.292510923,0.348370809,0.319492559,0.29210789,0.348338058,3.237249893,3.130355137,2.410321141,4.136414062,3.289972366,2.483566383,4.259259221,1.002163921,1.003328083,1.002720136
38,0.031549767,0.379240212,0.00871995,0.381088361,0.221113564,0.013238534,0.395192911,0.43424055,0.35622659,0.356288797,0.543201423,0.448984553,0.356288797,0.560288768,1.538220324,3.8975196,1.396785396,3.896503974,2.261384828,1.309741022,3.896503974,1.571226407,2.104438896,4.268220286
39,0.844312155,0.585722013,0.416071523,0.59058654,0.514326702,0.416071523,0.59058654,0.268871427,0.356371336,0.301104703,0.395537959,0.349909259,0.301104703,0.395537959,2.446061154,4.341417518,3.397371204,4.907911069,4.139717926,3.397371204,4.907911069,Inf,Inf,Inf
40,0.622872933,0.42858244,0.414886988,0.643217588,0.495115168,0.414886988,0.657712269,0.268912801,0.336347515,0.259161307,0.347752818,0.315372814,0.254613188,0.347752818,5.14347696,4.809669579,3.569570036,5.711371375,4.36738424,3.569570036,5.93353112,7.919034485,9.035304422,3.374513192
41,0.201477891,0.172844243,0.000268322,0.319879623,0.16606834,0.018180854,0.356797973,0.406523118,0.38029225,0.363720353,0.440952219,0.396191193,0.364854433,0.444053179,4.31858599,3.604305748,2.654055102,5.243331792,3.908600525,2.664003491,5.307594428,1.040225207,1.058121458,1.020364131
42,0.643314786,0.430545787,0.010257963,0.632262205,0.380216124,0.040888316,0.676858244,0.321551903,0.270051921,0.204088804,0.321161767,0.26275841,0.207890945,0.330380929,2.289892554,2.165792471,1.757752459,2.917126723,2.322676332,1.772729817,2.960166648,1.029291277,1.021004849,1.007303914
43,0.996599704,0.976188768,0.872457548,0.9995052,0.947208811,0.850421241,0.997131022,0.482604553,0.486518312,0.441278527,0.513555549,0.478621849,0.436720509,0.511329337,1.371813636,1.406319952,1.080687329,1.74365127,1.392969841,1.087065653,1.758414002,1.009615391,1.007326334,1.003319314
44,0.703387287,0.768903509,0.423690848,0.99593601,0.717553537,0.358873476,0.968201226,0.401294626,0.409828001,0.365047801,0.441137282,0.402983993,0.36153364,0.438986533,2.251025293,1.950825142,1.456451481,2.568363934,2.003851854,1.509539171,2.626429574,1.00078699,1.001381066,1.003360493
45,0.402772297,0.56529587,0.294549715,0.799295075,0.589802938,0.280895647,0.796385033,0.290089428,0.362637465,0.235981249,0.523426794,0.384230775,0.250133103,0.545847801,3.568357745,3.58857746,2.98429759,5.017097387,3.880426544,2.911907973,4.978745366,1.124845418,1.15257845,1.080680911
46,0.966628965,0.454477886,0.409994145,0.971698253,0.645484302,0.409994145,0.97995728,0.45641616,0.382103137,0.360116776,0.4747351,0.40785363,0.360116776,0.482225954,1.7369119,3.03908645,1.831004351,4.661363662,3.060910556,1.743568257,4.661363662,20.56029184,5.688213782,8.581005447
47,0.947105841,0.990101171,0.795477136,0.999995228,0.933615408,0.552433147,0.99861103,0.392812193,0.380445602,0.356559208,0.398645799,0.37875252,0.347388059,0.39395437,3.838522235,3.977378939,2.815043286,5.042844478,3.923660705,2.875831571,5.175125628,1.061095939,1.013828542,1.012626728
48,0.167153711,0.28213502,0.038903214,0.448878501,0.259132656,0.042758164,0.45713285,0.318302183,0.331710533,0.289986275,0.382302776,0.33689352,0.291937575,0.385417639,2.242524469,1.917493291,1.46772993,2.515235032,1.95279984,1.475192611,2.531587567,1.014815539,1.014211929,1.009596226
49,0.837851477,0.776851641,0.552385873,0.911599562,0.753515222,0.522928006,0.905722281,0.361515455,0.350374974,0.294235504,0.389648888,0.34507972,0.292789694,0.389535911,1.363310869,1.102735792,0.850243097,1.333193579,1.085492072,0.861185465,1.349267157,1.00178851,1.001707443,1.001766292
50,0.771287283,0.776748841,0.724512171,0.814703028,0.771369729,0.723339016,0.814253146,0.426192684,0.421528569,0.398739172,0.445527808,0.422881901,0.399062803,0.446199375,3.431438161,3.951260139,2.798682977,4.809124221,3.84338846,2.904068616,4.935068135,1.002581814,1.00270397,1.002103235
