"w_true","w_hat","beta_par_true","beta_par_hat","k_true","k_hat"
0.822613551048562,0.907149607443201,0.386961122625507,0.42187049586337,4.60363124753349,5.1452410843721
0.651106306817383,0.471024186047064,0.452080346702132,0.37063687469393,2.55301256570965,3.52979724550695
0.921076898928732,0.923944989063271,0.260923809022643,0.259908491402699,5.40143999876454,3.62666276979359
0.130987523589283,0.205571857638754,0.323330944636837,0.318043231989299,1.67819893709384,1.26294221125336
0.513724553864449,0.581822355006089,0.384090293897316,0.396460319425445,2.35081506683491,2.37080722988091
0.897944290423766,0.899844057319282,0.401399865862913,0.399192856544626,4.86537126614712,5.13182029541884
0.804959582397714,0.827504523392983,0.413217811263166,0.421967724016737,3.2460960841272,2.50191404522463
0.249115662416443,0.123368169022041,0.451800643757451,0.432901522677937,2.97179019218311,1.96767032457529
0.166734370635822,0.0225266137339118,0.413441472046543,0.373903548058186,1.29939158004709,1.14665306123153
0.856225323397666,0.850968504461337,0.330707919958513,0.335640505687173,3.87369836005382,5.21449973350274
0.0390161108225584,0.130691329360602,0.456925384816714,0.502809459345562,4.57362419134006,5.29245913252837
0.0417119958437979,0.117813413742769,0.317613045161124,0.31949910544782,5.79178673354909,6.49623729170359
0.984138633823022,0.985104803307419,0.278671944863163,0.277485772585458,5.35810486203991,5.1234334433347
0.654051427729428,0.773847529583486,0.357305776677094,0.37833796573866,3.3950566619169,2.51096968784444
0.544160838704556,0.689279158105491,0.460050621884875,0.507636884676096,4.21371150086634,5.02508868188077
0.205110103590414,0.0852375479899302,0.347292158694472,0.320423959701269,2.78577959653921,2.50601343821753
0.991589449113235,0.992093376972925,0.390178278728854,0.391157039206803,3.41202238481492,2.89555661246916
0.00302460184320807,0.718859847055599,0.363310615182854,0.904149553367529,5.42560940748081,5.66184144415679
0.2518698903732,0.190791913002356,0.416961998213083,0.383972493040236,1.25540904025547,1.29900748507406
0.0487801020499319,0.00432262467193717,0.353937054402195,0.334512171977429,1.11513953097165,1.21485802712676
0.177215175237507,0.0626788880648474,0.289351652492769,0.27182541814931,2.23171839746647,2.39409043920647
0.354539254680276,0.496377945333887,0.272434526588768,0.312022855524389,2.86058161896653,2.57540896973908
0.150286183925346,0.187531761197135,0.497181384300347,0.520519571302453,5.73940637311898,6.49118014431065
0.153399283532053,0.0387075178435794,0.287770820898004,0.267226877807169,4.3016634627711,3.40751795391642
0.933698371984065,0.935611447062127,0.279219697811641,0.285870113815685,5.11480723647401,5.08230383911359
0.993038459913805,0.992818714682127,0.447061908489559,0.434956475541423,1.48900372348726,1.4252786909821
0.495297127403319,0.228915825130642,0.337446180405095,0.264667995047892,3.56525019649416,2.69771319466946
0.615558706922457,0.636485979135621,0.365385766664986,0.377011452042681,3.99518072977662,3.86730915163247
0.598244227701798,0.592965866770993,0.278723973024171,0.282588312315069,5.0948406397365,2.89787684915782
0.533742290455848,0.554838256396033,0.354474262101576,0.35441222911337,2.15277385688387,1.89409333124778
0.98655694280751,0.988274797615792,0.285668851691298,0.289568707208777,2.44766691373661,3.13359044316675
0.705615633865818,0.557198371342216,0.437122532457579,0.390953905723115,2.57186259515584,2.55724839200703
0.641314321663231,0.549702599574459,0.289023651217576,0.254069111421128,1.95019756583497,2.26584459591431
0.167025544214994,0.340792910496134,0.281786036735866,0.31459773185794,4.23194860597141,3.508395727787
0.948710904456675,0.94445580558968,0.290130998298991,0.290612858984858,3.39854844752699,3.49011645042038
0.159008422633633,0.0350860748383793,0.342240480182227,0.309525808371047,3.06354090943933,2.82230472304411
0.833309089997783,0.84955628881475,0.336406783841085,0.328282631375477,1.2997740637511,1.31205796445256
0.351033295271918,0.30403365607867,0.481420009280555,0.468480758454195,5.37160565750673,6.27122632120686
0.426851191092283,0.330696626918102,0.473600918310694,0.443019162428799,2.80344368913211,5.69191464618036
0.487682109465823,0.49403673950613,0.252620513609145,0.261486736232153,5.68652379815467,5.16697331952509
0.0993208691943437,0.0960606979811909,0.455926803464536,0.466474491211266,4.98917188053019,3.74523155371466
0.578915770165622,0.568088295981654,0.258761238888837,0.263488494981271,5.88053233828396,5.29646046758077
0.57224693428725,0.693200802738817,0.357675194507465,0.373584717609354,3.29353903443553,3.36820156594034
0.0288539980538189,0.117660072821466,0.405648279353045,0.433683380440251,3.71368212183006,4.09147142182892
0.980379058048129,0.947073693070231,0.492222595436033,0.464696221400334,5.42325741285458,6.32991953819515
0.580453437985852,0.305827982126271,0.365198446204886,0.317703260989646,4.95148298121057,4.34446494689633
0.820171901024878,0.740301183961209,0.348190553777386,0.288563764459833,2.36152796330862,2.01894409151591
0.915978790260851,0.887562190934736,0.380343658209313,0.373416597324111,5.35169008676894,4.09321104375257
0.168107043486089,0.24838720383016,0.251127359108068,0.2626817274697,2.26217043376528,2.97546041413362
0.0923227581661195,0.023087104602678,0.38518673350336,0.363751499552625,3.57920699659735,4.69449856233206
0.566003868589178,0.515088415742086,0.416537852957845,0.39446867014746,2.75064851762727,2.81399462540263
0.163011564174667,0.0701009203375002,0.447151574189775,0.425642742616094,5.1391512285918,3.91878323824185
0.933189597446471,0.923557617406891,0.356593231612351,0.356334952797294,2.14701121696271,2.33857844177033
0.748955769464374,0.799456736465981,0.46318322326988,0.470296389784144,5.88083159318194,4.95587079511789
0.677875108784065,0.659964820763189,0.482485531829298,0.487485022704744,3.89955786662176,3.45409907133026
0.892896597040817,0.919641093603929,0.442309175152332,0.457593609407181,1.24436788633466,1.6217399483625
0.881619122810662,0.829637079142303,0.278798587038182,0.250424722645839,4.94002488232218,4.05331150774208
0.860670037567616,0.877727122214156,0.294628636154812,0.300916650960612,2.96816494571976,2.56901343308971
0.914861107710749,0.912827066667972,0.352265594236087,0.353127198757045,4.41913893003948,3.19800168684044
0.796848477562889,0.79856093111352,0.335810116259381,0.343508208927632,4.27895270078443,4.3633858175118
0.579288955545053,0.697568314786316,0.417287537013181,0.467034157345832,3.91085030999966,4.23449573184243
0.295790495118126,0.156650676964672,0.301515950122848,0.280224819883387,3.00164560694247,3.1671178354369
0.962805116549134,0.957872897806075,0.421264064847492,0.40156961155308,2.53947190498002,2.39904608376904
0.209167048567906,0.358893614645864,0.327243757259566,0.35873176920192,2.99692665948533,2.4259859011401
0.84732545283623,0.83580626092922,0.26665702892933,0.273408715654973,2.21684594079852,2.23570304258051
0.789106914075091,0.815693920833946,0.251226255204529,0.26003028326672,1.88140256819315,1.70285186239483
0.684655075427145,0.720058447882261,0.431104725808837,0.436306253322186,2.88555077998899,2.97145330445856
0.111121839378029,0.0753340232144468,0.345010485267267,0.333751738095552,2.11253071576357,2.54113202901451
0.494108367012814,0.470432131703179,0.288614840246737,0.281588341145854,1.88217706768773,2.02664879987736
0.494089017156512,0.648454210831096,0.393882365955506,0.428967006523271,1.88396467384882,1.42885478465095
0.298861203948036,0.213994573905685,0.328565553878434,0.307741102927221,3.18573473626748,3.03960518191451
0.10378042072989,0.0282994808142102,0.29775752290152,0.293364505489358,4.83689454523847,5.54221777418343
0.400254544103518,0.289099089427162,0.401056283270009,0.411120522947164,5.32009329437278,6.7284516325288
0.751455259509385,0.695007159696406,0.423315075633582,0.396343811101267,3.00073273852468,3.52962248052066
0.673682341817766,0.657084169517965,0.389337809174322,0.375432305959832,2.3789203192573,1.94505079986776
0.34932520147413,0.336953682696711,0.310574042610824,0.308066491583689,3.13903077994473,2.85213174859658
0.348105331417173,0.459710979622519,0.418987214507069,0.432606372764773,3.71632176241837,3.32394102594101
0.0469825034961104,0.0247084780718897,0.496940831595566,0.486807970621811,2.50351022137329,2.28555913959862
0.141164966858923,0.361038917692805,0.283208523469511,0.330782984216144,3.61223837267607,3.96000787060896
0.457337652565911,0.347064059577377,0.423496913572308,0.395498960271581,4.20596001925878,3.78713299970381
0.708349570631981,0.751208493033856,0.330209855572321,0.342712697620557,5.94732505641878,7.57657360727193
0.248308630194515,0.380418113434997,0.432221611205023,0.474446081566955,4.98832577397116,4.33578986417741
0.914479191182181,0.888552521896791,0.421182767604478,0.439998597151093,1.53520909743384,2.38334492566211
0.916393005987629,0.968087708326707,0.363547548768111,0.3790597472996,4.48163962597027,7.37550530386383
0.0311962871346623,0.198084646906761,0.270046012185048,0.29644111562127,3.04583816113882,3.25285593158353
0.838741010054946,0.894986263784196,0.344261164427735,0.354437611563016,5.97272999957204,4.35196620348198
0.96891466807574,0.942988066666869,0.331589089240879,0.336685204805013,5.73197001032531,5.9484631896766
0.758763391058892,0.855283240137583,0.327825205284171,0.353787477053709,3.48581648105755,4.0492170140576
0.242650903994218,0.193955506631895,0.465241074911319,0.468083588109729,4.55862188851461,4.66751673887649
0.366313595324755,0.268725568226528,0.466566978779156,0.429756230862047,3.95620578341186,5.26451189467016
0.372183322208002,0.309896038010319,0.289081531984266,0.28107332166666,1.74570095865056,1.88581881883219
0.201175635913387,0.471375790049047,0.488024369929917,0.571567919772761,4.59282955643721,6.90986922566769
0.562422502785921,0.587816213242828,0.459355504310224,0.474320595464902,2.22762465034612,2.27421281119387
0.941064404090866,0.951483846947632,0.268776119453833,0.260836220152148,5.44019107380882,5.04805063352189
0.839962303871289,0.548093340943651,0.430300406645983,0.385531283603548,1.43236498604529,1.42403992695012
0.192047488642856,0.0600616959439552,0.496219738270156,0.463015189174966,2.73854441498406,2.95995295068118
0.755312173627317,0.749831368191384,0.329274434654508,0.330454325964893,2.76276331185363,2.52002186576888
0.648215416586027,0.604957575249258,0.361998595879413,0.348823355772543,4.42943954048678,5.83546621086429
0.00969019252806902,0.00728281793977105,0.460136648151092,0.456392782709837,1.22873332258314,1.22291539504391
0.392418225063011,0.348177027547408,0.415262562921271,0.40709636347491,3.70761421998031,4.95100110059477
0.348608230240643,0.625686650191126,0.364275888132397,0.414087407076887,4.50174387102015,5.82123873812849
0.462766355834901,0.389109623877493,0.296063704008702,0.279188035489607,2.00554932956584,2.12032827224887
0.950593909015879,0.881179543067726,0.472574336221442,0.450447780230967,5.37459320062771,5.03644780137346
0.0380501057952642,0.0503501299215161,0.479136977926828,0.474283553129411,5.2685514013283,6.41544405495939
0.724148765671998,0.688104861672612,0.318546765774954,0.307064272410717,1.46158373821527,1.47331209054355
0.276788252871484,0.0854142461234253,0.419833214138635,0.364294571106484,3.63624745421112,3.29354589605862
0.946375511586666,0.942688275305446,0.459374947240576,0.455771139940231,5.30977362557314,7.03482207572666
0.569532402791083,0.672415377258446,0.273320621054154,0.287739472311802,3.70767919020727,3.85997740750124
0.949130453635007,0.92942084980288,0.440962314314675,0.439554849946494,4.88377445749938,4.44625598468581
0.345934885088354,0.384976376299927,0.445769252546597,0.447653730958822,5.13158513954841,4.60836364081851
0.161278631072491,0.290050445773242,0.261513099190779,0.292050302103201,5.59270125953481,5.53250040554713
0.863429712597281,0.874934642743212,0.339803792652674,0.343866312523294,3.65756324399263,2.22295963447314
0.784230923047289,0.789845136673773,0.486957802088,0.489771829910894,3.69869030104019,10.6138177142254
0.697931720176712,0.643171208383938,0.486649926751852,0.475436301693379,1.65476459101774,1.49851096007665
0.273712324211374,0.408687565595055,0.353347046184354,0.408534880799076,4.56315126176924,5.15636560972099
0.880042884498835,0.739865183951883,0.462744141870644,0.408598148673961,1.73353990679607,1.81077606665769
0.0235860862303525,0.0966732381667621,0.325050181883853,0.32752184217579,4.64092891220935,4.59968259692478
0.608581497333944,0.676523557853587,0.257918487885036,0.27263607397832,2.57720461837016,2.08719911350818
0.890522815752774,0.887139893841415,0.286078811448533,0.292885506780628,1.54294116329402,1.58631189480432
0.994054001756012,0.992773748998819,0.353936309751589,0.341458096529016,3.75866879499517,4.09640578627354
0.134251379640773,0.153738423476573,0.41966317902552,0.435134397788867,3.42744004470296,2.33398446112141
0.673147618304938,0.651730053699186,0.277333010337315,0.2663551347007,2.38839923543856,2.59169758404678
0.997482424136251,0.997562146537221,0.27373016421916,0.276594680925583,3.52953956252895,2.38420272708271
0.935152645222843,0.967351222841537,0.356208427518141,0.352403750389306,2.1244632222224,1.89110089605256
0.14045152370818,0.500858751699362,0.460759239154868,0.573880419950959,3.17648273450322,2.60085212615859
0.0741277115885168,0.172378911196814,0.327893670764752,0.354427301518949,1.79804274486378,1.47168302864916
0.343554774764925,0.468089267724526,0.348985458957031,0.35782747757963,3.80675878399052,3.41204737101668
0.67712710541673,0.641748845663423,0.39169236732414,0.369123792777216,4.10292357229628,4.37205587941864
0.20194246340543,0.2270945510024,0.352651889843401,0.357794499885755,3.46097656083293,2.85328558303379
0.926258386811242,0.855663224592913,0.254154070047662,0.23753554207444,2.42131902859546,2.56170185156252
0.619824285851792,0.612612481993153,0.275626640766859,0.269148282839973,3.65556936035864,3.97574558179139
0.493119861464947,0.549407315222905,0.421665761095937,0.440111902619196,4.84599348064512,3.87330522586979
0.0214836811646819,0.272532167879655,0.394184316508472,0.446584116074595,2.69777417555451,2.22450787440645
0.522516567260027,0.471329582560978,0.392920161131769,0.397348981021823,1.07151986588724,1.35532620435807
0.996033675735816,0.996548460145492,0.268381223431788,0.275288642322529,5.93034782004543,7.42514677486147
0.338347907876596,0.285886655355386,0.393073211133014,0.396058020207829,4.76546334126033,5.18455927675806
0.117041787598282,0.138516141439341,0.344311403227039,0.340474221067451,1.59472138527781,1.53253960894811
0.757219366496429,0.765863754983154,0.325776805111673,0.318546619913708,1.42528873309493,1.1501299977985
0.396975019248202,0.409918598110487,0.476102487300523,0.480043505776311,5.82739642029628,9.10383857792669
0.101707521127537,0.153318697755513,0.382508450711612,0.392475079609858,3.66540674492717,4.78582735668725
0.593473022338003,0.428069744995343,0.337251674383879,0.287411757465495,5.2173524654936,5.96764597543791
0.529881728580222,0.59353042738892,0.299480492307339,0.324863036278951,4.04662427166477,4.61462968484764
0.623768753372133,0.648811014209904,0.362586857401766,0.365403949126442,5.84480941202492,4.28473406375975
0.605098781175911,0.542795448254525,0.276776396261994,0.267461760406482,5.95695614023134,6.17510201987994
0.565176876029,0.476566889580579,0.292403917119373,0.280952004636452,3.74583285092376,4.15386039173033
0.133840067544952,0.132466677126679,0.374729784030933,0.369614278907579,3.77888742275536,3.91992000396626
0.348552024457604,0.330669257691658,0.322656752774492,0.321205721189578,5.5380287617445,4.97880499239251
0.138286868808791,0.304966522654298,0.420726398471743,0.451408023215032,1.16786901513115,1.27926161307617
0.756462012184784,0.6887179546483,0.419605917937588,0.415456739882174,1.06982229067944,1.30765042231597
0.264175886055455,0.140918764511205,0.268537371361163,0.265186852125298,1.40493149426766,1.55748301238377
0.482949251541868,0.524733354871284,0.40926423080964,0.410657685824055,3.52375805168413,3.55046728664067
0.310033474816009,0.140307978505095,0.429757502686698,0.392096181179008,2.86659974046052,2.31871556224099
0.0771867851726711,0.36732446591419,0.291898058494553,0.351766385341504,5.35865179635584,9.53416060065632
0.6960663003847,0.722344333233736,0.343443905236199,0.337296785781328,1.33543394878507,1.27544386803686
0.823325343430042,0.808599334386941,0.376156971324235,0.364753537942812,5.86023534671403,6.88204389939246
0.194307074416429,0.152064093472974,0.33010052255122,0.313090468197076,1.64828616916202,1.3143933939687
0.856365689076483,0.881321431093205,0.457982720225118,0.479976450959804,4.67596138035879,6.2187810821988
0.0302851826418191,0.110498629178047,0.308508675312623,0.318946278628536,3.43436446646228,3.59562428803017
0.0404154900461435,0.03445164870028,0.465047806850635,0.452771123817998,2.12474800087512,2.08033577505678
0.721648464910686,0.717350166707193,0.283745241875295,0.279406122902423,1.75728940777481,1.90689932952134
0.421489893691614,0.428925555836276,0.284188115329016,0.287674188135634,3.67616335302591,3.62103724459296
0.837489879690111,0.814544494945206,0.467087090190034,0.474767618575481,5.88363366690464,4.91255939947785
0.20812145457603,0.210513202007736,0.327077582711354,0.33437599981301,2.15453043021262,2.68610448291989
0.153164744842798,0.234091350429162,0.2917904619826,0.301831945902522,1.84794139140286,1.98553557030274
0.253131456440315,0.318693804296325,0.398273043800145,0.409850659152413,2.0227131517604,1.84917428585512
0.38757088384591,0.332574188178749,0.357187997258734,0.349092289351085,5.52589518856257,6.05014803946991
0.805059909122065,0.933001735290719,0.342428619391285,0.372175405726581,4.47774009569548,3.64757143277984
0.752932395786047,0.90030708966476,0.333492228528485,0.370721581000814,1.92655784217641,1.90358655983629
0.904112487565726,0.919186196686222,0.3583720519091,0.374696933817098,1.1103072531987,0.980759928948901
0.215967305004597,0.309587982547347,0.370060258312151,0.38826072704954,1.26345370104536,1.48474085503582
0.131937811383978,0.335455255261621,0.40354327269597,0.45836538419852,2.13936439505778,1.99015187334868
0.258833082159981,0.319585307253368,0.385797995491885,0.407069618733567,2.03705283603631,1.62430289439248
0.823014482390136,0.848247356354344,0.303585468442179,0.298800194223663,1.37143150926568,1.28763382615796
0.960978986229748,0.967065845082782,0.316807619004976,0.310671992741885,4.10415653395467,1.01672889232418
0.228239675052464,0.254211933280509,0.297144103562459,0.300113393467595,5.94186647236347,4.76977942967152
0.331930093234405,0.470602868435783,0.467488128575496,0.50593385841841,2.3941121310927,2.5077015287268
0.810337402159348,0.64692719601419,0.463249394029845,0.333521780264804,3.62439407641068,4.77732048659708
0.88001334364526,0.895842766769436,0.498905185435433,0.497761776750527,2.84628966613673,2.42671157955168
0.0610942784696817,0.268746567698412,0.254482382442802,0.275885850697378,5.19132770155556,3.96665393311423
0.0984144122339785,0.107211629620946,0.477743796713185,0.478570129202418,3.21581159508787,2.55058290617397
0.361477912403643,0.410734389509372,0.397038302675355,0.417720927023887,1.04817428998649,0.954605754172277
0.367162195267156,0.241334344281484,0.342517289391253,0.303324298024485,2.39216422219761,3.29348235794146
0.486423439811915,0.45134403523393,0.315986654430162,0.301978856721615,1.72934153489769,1.40601645447981
0.64223256893456,0.532338880677345,0.422971284016967,0.408076857599122,3.59564311010763,3.92607157303588
0.811959114391357,0.821909549577713,0.439330615394283,0.433146866427454,1.165345587302,1.36324650179227
0.461614025756717,0.557057386066593,0.486963203293271,0.535023340648926,5.74371338728815,9.24058693838562
0.93206017720513,0.912935171601666,0.434503062220756,0.419905840961463,4.31020709127188,6.74959414715509
0.324554852908477,0.388447881445594,0.456294256087858,0.48225556381537,5.43217751104385,4.18454833327468
0.530176374129951,0.540497274589946,0.490070598840248,0.488114220526562,1.82147378590889,1.41016968324932
0.928746646502987,0.934768498839154,0.295110985229257,0.286476234975121,3.97894240124151,1.8183967009736
0.729979696916416,0.687802712623949,0.394319907703903,0.38840972866907,5.24802355468273,8.8890586836147
0.538810294121504,0.524295369607494,0.479457495559473,0.491889416945052,5.23409705632366,7.57184969078035
0.613734069745988,0.743285506256331,0.361611101427115,0.384266116867559,2.99408174841665,2.50346592132147
0.887727655470371,0.703197291852596,0.27155138872331,0.21865454718771,5.21110345982015,4.14125591189839
0.778220311738551,0.798528383491393,0.346019470191095,0.350013257237198,4.91100995475426,5.55409011029317
0.919079684186727,0.924765813428893,0.272125123592559,0.266788636727568,1.72252254700288,1.65881791003891
0.871042732149363,0.868631579341457,0.294462805322837,0.298585496136859,4.5084458894562,4.7381876369757
0.150534524116665,0.068351733541554,0.368125918263104,0.367578393149425,5.7638471564278,5.3884847065971
0.774069799110293,0.540452630930177,0.277222882548813,0.247140359418031,5.55557896872051,5.13933963672927
0.626230962341651,0.674372887239372,0.370839411509223,0.383058459644245,4.33838798105717,4.10634461644322
